-- phpMyAdmin SQL Dump
-- version 4.8.5
-- https://www.phpmyadmin.net/
--
-- Host: 127.0.0.1
-- Generation Time: Oct 30, 2021 at 02:22 AM
-- Server version: 10.1.38-MariaDB
-- PHP Version: 7.3.2

SET SQL_MODE = "NO_AUTO_VALUE_ON_ZERO";
SET AUTOCOMMIT = 0;
START TRANSACTION;
SET time_zone = "+00:00";


/*!40101 SET @OLD_CHARACTER_SET_CLIENT=@@CHARACTER_SET_CLIENT */;
/*!40101 SET @OLD_CHARACTER_SET_RESULTS=@@CHARACTER_SET_RESULTS */;
/*!40101 SET @OLD_COLLATION_CONNECTION=@@COLLATION_CONNECTION */;
/*!40101 SET NAMES utf8mb4 */;

--
-- Database: `be3`
--

-- --------------------------------------------------------

--
-- Table structure for table `admins`
--

CREATE TABLE `admins` (
  `id` int(11) NOT NULL,
  `user_id` int(11) NOT NULL,
  `email` varchar(100) NOT NULL,
  `password` varchar(100) NOT NULL,
  `position` varchar(10) NOT NULL
) ENGINE=InnoDB DEFAULT CHARSET=utf8;

--
-- Dumping data for table `admins`
--

INSERT INTO `admins` (`id`, `user_id`, `email`, `password`, `position`) VALUES
(4, 2, 'aymansafwat2468@gmail.com', 'cc4723995ce819915e734147a77850427a9e95f9', 'normal'),
(5, 1, 'aymansafwat88@yahoo.com', 'cc4723995ce819915e734147a77850427a9e95f9', 'master');

-- --------------------------------------------------------

--
-- Table structure for table `ads`
--

CREATE TABLE `ads` (
  `id` int(11) NOT NULL,
  `user_id` int(11) NOT NULL,
  `title` varchar(60) NOT NULL,
  `category_id` tinyint(4) NOT NULL,
  `sub_category_id` tinyint(4) NOT NULL,
  `details` varchar(500) NOT NULL,
  `images` varchar(500) NOT NULL,
  `governorates_id` tinyint(4) NOT NULL,
  `cities_id` smallint(6) NOT NULL,
  `updated_at` timestamp NOT NULL DEFAULT CURRENT_TIMESTAMP ON UPDATE CURRENT_TIMESTAMP,
  `created_at` timestamp NOT NULL DEFAULT '0000-00-00 00:00:00',
  `year` smallint(4) DEFAULT NULL,
  `payment_method` varchar(20) NOT NULL,
  `receiving_date` varchar(20) NOT NULL,
  `price` int(11) NOT NULL,
  `real_estate_type` varchar(15) DEFAULT NULL,
  `space` varchar(20) DEFAULT NULL,
  `bed_rooms` varchar(15) DEFAULT NULL,
  `bathrooms` varchar(15) DEFAULT NULL,
  `furnished` varchar(5) DEFAULT NULL,
  `floor` varchar(5) DEFAULT NULL,
  `additions` varchar(400) DEFAULT NULL,
  `brand` varchar(30) DEFAULT NULL,
  `model` varchar(40) DEFAULT NULL,
  `condition1` varchar(5) DEFAULT NULL,
  `engine` varchar(15) DEFAULT NULL,
  `body_type` varchar(12) DEFAULT NULL,
  `fuel` varchar(12) DEFAULT NULL,
  `transmition` varchar(12) DEFAULT NULL,
  `kilometers` varchar(20) DEFAULT NULL,
  `color` varchar(10) DEFAULT NULL,
  `mobile` varchar(20) NOT NULL,
  `call1` varchar(15) NOT NULL,
  `approval` varchar(15) NOT NULL DEFAULT 'Not Approved',
  `viewers` int(11) NOT NULL DEFAULT '0'
) ENGINE=InnoDB DEFAULT CHARSET=utf8;

--
-- Dumping data for table `ads`
--

INSERT INTO `ads` (`id`, `user_id`, `title`, `category_id`, `sub_category_id`, `details`, `images`, `governorates_id`, `cities_id`, `updated_at`, `created_at`, `year`, `payment_method`, `receiving_date`, `price`, `real_estate_type`, `space`, `bed_rooms`, `bathrooms`, `furnished`, `floor`, `additions`, `brand`, `model`, `condition1`, `engine`, `body_type`, `fuel`, `transmition`, `kilometers`, `color`, `mobile`, `call1`, `approval`, `viewers`) VALUES
(110, 1, 'tttt', 2, 3, 'kljkljk lkjkljkljkl kjkljlkjlk lkjkljkljlk kljlkjklj aaa aaa aaa aaa', '', 3, 93, '2021-10-28 21:26:13', '2021-09-27 20:37:00', 2008, 'cash', 'immediately', 132121, NULL, NULL, NULL, NULL, NULL, NULL, '', '2', '13', 'used', NULL, NULL, NULL, NULL, NULL, NULL, '01234536882', 'Not Allowed', 'Approved', 30),
(114, 1, 'qwqw', 1, 4, 'bkj bkj bkj bkj bkjb kjbkjbkjbkj bkb jbkjbkjb jb b kbk bk jb jbj jb j bkbkjb bkbj', '9816328535883.png', 5, 156, '2021-10-28 22:09:54', '2021-09-28 16:26:28', 2008, 'cash', 'immediately', 11111, 'Apartment', '1212', '3', '3', 'Yes', '3', 'Security-Private Parking-Balcony-Private Garden-Service Rooms-Central AC / Heater-Kitchen Appliances-Swimming Pool-Pets Allowed-Elevator-Compound-Water Meter-Electricity Meter-Natural Gas Meter-Telephone Landline', NULL, NULL, NULL, NULL, NULL, NULL, NULL, NULL, NULL, '01088222663', 'Allowed', 'Approved', 4),
(115, 1, 'wewew', 1, 4, 'oijnokijo iojio jiojio iojoij iojiojiojio jiojio jioj iojio joij ioj iojiojio jioj ioj o', '6116328543629.png', 3, 93, '2021-09-30 21:41:47', '2021-09-28 16:39:22', NULL, 'cash', 'immediately', 2423, 'Land', '1212', NULL, NULL, NULL, NULL, '', NULL, NULL, NULL, NULL, NULL, NULL, NULL, NULL, NULL, '01234567890', 'Allowed', 'Approved', 0),
(116, 1, 'erer', 2, 1, 'jn kjnknkj nj jbj bj bjb kjb ijbj bkj bnj nkj nkj', '96163278217484.png-64163277590874.png-5163277808954.png', 3, 93, '2021-10-28 21:13:35', '2021-09-27 20:37:00', 2008, 'cash', 'immediately', 132121, NULL, NULL, NULL, NULL, NULL, NULL, 'ABS-AC-EBD', '2', '13', 'new', '1000-1300', 'Bus', 'Electricity', 'Manual', '38000 -> 39999', 'Navy', '01234536882', 'Allowed', 'Approved', 9),
(117, 1, 'qwqw', 1, 4, 'bkj bkj bkj bkj bkjb kjbkjbkjbkj bkb jbkjbkjb jb b kbk bk jb jbj jb j bkbkjb bkbj', '9816328535883.png', 5, 156, '2021-09-30 23:38:29', '2021-09-28 16:26:28', 2008, 'cash', 'immediately', 11111, 'Apartment', '1212', '3', '3', 'Yes', '3', 'Security-Private Parking-Balcony-Private Garden-Service Rooms-Central AC / Heater-Kitchen Appliances-Swimming Pool-Pets Allowed-Elevator-Compound-Water Meter-Electricity Meter-Natural Gas Meter-Telephone Landline', NULL, NULL, NULL, NULL, NULL, NULL, NULL, NULL, NULL, '01088222663', 'Allowed', 'Approved', 0),
(118, 1, 'wewew', 1, 4, 'oijnokijo iojio jiojio iojoij iojiojiojio jiojio jioj iojio joij ioj iojiojio jioj ioj o', '6116328543629.png', 3, 93, '2021-09-30 23:38:33', '2021-09-28 16:39:22', NULL, 'cash', 'immediately', 2423, 'Land', '1212', NULL, NULL, NULL, NULL, '', NULL, NULL, NULL, NULL, NULL, NULL, NULL, NULL, NULL, '01234567890', 'Allowed', 'Approved', 0),
(119, 1, 'erer', 2, 1, 'jn kjnknkj nj jbj bj bjb kjb ijbj bkj bnj nkj nkj', '96163278217484.png-64163277590874.png-5163277808954.png', 3, 93, '2021-10-21 15:50:12', '2021-09-27 20:37:00', 2008, 'cash', 'immediately', 132121, NULL, NULL, NULL, NULL, NULL, NULL, 'ABS-AC-EBD', '2', '13', 'new', '1000-1300', 'Bus', 'Electricity', 'Manual', '38000 -> 39999', 'Navy', '01234536882', 'Allowed', 'Approved', 3),
(121, 1, 'qwqw', 1, 4, 'bkj bkj bkj bkj bkjb kjbkjbkjbkj bkb jbkjbkjb jb b kbk bk jb jbj jb j bkbkjb bkbj', '9816328535883.png', 5, 156, '2021-09-30 23:38:53', '2021-09-28 16:26:28', 2008, 'cash', 'immediately', 11111, 'Apartment', '1212', '3', '3', 'Yes', '3', 'Security-Private Parking-Balcony-Private Garden-Service Rooms-Central AC / Heater-Kitchen Appliances-Swimming Pool-Pets Allowed-Elevator-Compound-Water Meter-Electricity Meter-Natural Gas Meter-Telephone Landline', NULL, NULL, NULL, NULL, NULL, NULL, NULL, NULL, NULL, '01088222663', 'Allowed', 'Approved', 0),
(122, 1, 'wewew', 1, 4, 'oijnokijo iojio jiojio iojoij iojiojiojio jiojio jioj iojio joij ioj iojiojio jioj ioj o', '6116328543629.png', 3, 93, '2021-10-21 17:09:23', '2021-09-28 16:39:22', NULL, 'cash', 'immediately', 2423, 'Land', '1212', NULL, NULL, NULL, NULL, '', NULL, NULL, NULL, NULL, NULL, NULL, NULL, NULL, NULL, '01234567890', 'Allowed', 'Approved', 1),
(123, 1, 'erer', 2, 1, 'jn kjnknkj nj jbj bj bjb kjb ijbj bkj bnj nkj nkj', '96163278217484.png-64163277590874.png-5163277808954.png', 3, 93, '2021-09-30 23:39:01', '2021-09-27 20:37:00', 2008, 'cash', 'immediately', 132121, NULL, NULL, NULL, NULL, NULL, NULL, 'ABS-AC-EBD', '2', '13', 'new', '1000-1300', 'Bus', 'Electricity', 'Manual', '38000 -> 39999', 'Navy', '01234536882', 'Allowed', 'Approved', 0),
(124, 1, 'erer', 2, 1, 'jn kjnknkj nj jbj bj bjb kjb ijbj bkj bnj nkj nkj', '96163278217484.png-64163277590874.png-5163277808954.png', 3, 93, '2021-10-21 18:41:56', '2021-09-27 20:37:00', 2008, 'cash', 'immediately', 132121, NULL, NULL, NULL, NULL, NULL, NULL, 'ABS-AC-EBD', '2', '13', 'new', '1000-1300', 'Bus', 'Electricity', 'Manual', '38000 -> 39999', 'Navy', '01234536882', 'Allowed', 'Approved', 1),
(125, 1, 'qwqw', 1, 4, 'bkj bkj bkj bkj bkjb kjbkjbkjbkj bkb jbkjbkjb jb b kbk bk jb jbj jb j bkbkjb bkbj', '9816328535883.png', 5, 156, '2021-10-21 19:48:42', '2021-09-28 16:26:28', 2008, 'cash', 'immediately', 11111, 'Apartment', '1212', '3', '3', 'Yes', '3', 'Security-Private Parking-Balcony-Private Garden-Service Rooms-Central AC / Heater-Kitchen Appliances-Swimming Pool-Pets Allowed-Elevator-Compound-Water Meter-Electricity Meter-Natural Gas Meter-Telephone Landline', NULL, NULL, NULL, NULL, NULL, NULL, NULL, NULL, NULL, '01088222663', 'Allowed', 'Approved', 12),
(126, 1, 'wewew', 1, 4, 'oijnokijo iojio jiojio iojoij iojiojiojio jiojio jioj iojio joij ioj iojiojio jioj ioj o', '6116328543629.png', 3, 93, '2021-09-30 23:39:20', '2021-09-28 16:39:22', NULL, 'cash', 'immediately', 2423, 'Land', '1212', NULL, NULL, NULL, NULL, '', NULL, NULL, NULL, NULL, NULL, NULL, NULL, NULL, NULL, '01234567890', 'Allowed', 'Approved', 0),
(127, 1, 'erer', 2, 1, 'jn kjnknkj nj jbj bj bjb kjb ijbj bkj bnj nkj nkj', '96163278217484.png-64163277590874.png-5163277808954.png', 3, 93, '2021-09-30 23:39:25', '2021-09-27 20:37:00', 2008, 'cash', 'immediately', 132121, NULL, NULL, NULL, NULL, NULL, NULL, 'ABS-AC-EBD', '2', '13', 'new', '1000-1300', 'Bus', 'Electricity', 'Manual', '38000 -> 39999', 'Navy', '01234536882', 'Allowed', 'Approved', 0),
(128, 1, 'erer', 2, 1, 'jn kjnknkj nj jbj bj bjb kjb ijbj bkj bnj nkj nkj', '96163278217484.png-64163277590874.png-5163277808954.png', 3, 93, '2021-09-30 23:39:29', '2021-09-27 20:37:00', 2008, 'cash', 'immediately', 132121, NULL, NULL, NULL, NULL, NULL, NULL, 'ABS-AC-EBD', '2', '13', 'new', '1000-1300', 'Bus', 'Electricity', 'Manual', '38000 -> 39999', 'Navy', '01234536882', 'Allowed', 'Approved', 0),
(129, 1, 'qwqw', 1, 4, 'bkj bkj bkj bkj bkjb kjbkjbkjbkj bkb jbkjbkjb jb b kbk bk jb jbj jb j bkbkjb bkbj', '9816328535883.png', 5, 156, '2021-09-30 23:39:33', '2021-09-28 16:26:28', 2008, 'cash', 'immediately', 11111, 'Apartment', '1212', '3', '3', 'Yes', '3', 'Security-Private Parking-Balcony-Private Garden-Service Rooms-Central AC / Heater-Kitchen Appliances-Swimming Pool-Pets Allowed-Elevator-Compound-Water Meter-Electricity Meter-Natural Gas Meter-Telephone Landline', NULL, NULL, NULL, NULL, NULL, NULL, NULL, NULL, NULL, '01088222663', 'Allowed', 'Approved', 0),
(130, 1, 'wewew', 1, 4, 'oijnokijo iojio jiojio iojoij iojiojiojio jiojio jioj iojio joij ioj iojiojio jioj ioj o', '6116328543629.png', 3, 93, '2021-10-17 20:07:48', '2021-09-28 16:39:22', NULL, 'cash', 'immediately', 2423, 'Land', '1212', NULL, NULL, NULL, NULL, '', NULL, NULL, NULL, NULL, NULL, NULL, NULL, NULL, NULL, '01234567890', 'Allowed', 'Approved', 1),
(131, 1, 'erer', 2, 1, 'jn kjnknkj nj jbj bj bjb kjb ijbj bkj bnj nkj nkj', '96163278217484.png-64163277590874.png-5163277808954.png', 3, 93, '2021-10-20 20:01:55', '2021-09-27 20:37:00', 2008, 'cash', 'immediately', 132121, NULL, NULL, NULL, NULL, NULL, NULL, 'ABS-AC-EBD', '2', '13', 'new', '1000-1300', 'Bus', 'Electricity', 'Manual', '38000 -> 39999', 'Navy', '01234536882', 'Allowed', 'Approved', 6),
(132, 1, 'erer', 2, 1, 'jn kjnknkj nj jbj bj bjb kjb ijbj bkj bnj nkj nkj', '96163278217484.png-64163277590874.png-5163277808954.png', 3, 93, '2021-09-30 23:39:55', '2021-09-27 20:37:00', 2008, 'cash', 'immediately', 132121, NULL, NULL, NULL, NULL, NULL, NULL, 'ABS-AC-EBD', '2', '13', 'new', '1000-1300', 'Bus', 'Electricity', 'Manual', '38000 -> 39999', 'Navy', '01234536882', 'Allowed', 'Approved', 0),
(133, 1, 'qwqw', 1, 4, 'bkj bkj bkj bkj bkjb kjbkjbkjbkj bkb jbkjbkjb jb b kbk bk jb jbj jb j bkbkjb bkbj', '9816328535883.png', 5, 156, '2021-09-30 23:40:00', '2021-09-28 16:26:28', 2008, 'cash', 'immediately', 11111, 'Apartment', '1212', '3', '3', 'Yes', '3', 'Security-Private Parking-Balcony-Private Garden-Service Rooms-Central AC / Heater-Kitchen Appliances-Swimming Pool-Pets Allowed-Elevator-Compound-Water Meter-Electricity Meter-Natural Gas Meter-Telephone Landline', NULL, NULL, NULL, NULL, NULL, NULL, NULL, NULL, NULL, '01088222663', 'Allowed', 'Approved', 0);

-- --------------------------------------------------------

--
-- Table structure for table `brand_models`
--

CREATE TABLE `brand_models` (
  `id` int(11) NOT NULL,
  `brand_id` int(11) NOT NULL,
  `model` varchar(40) NOT NULL
) ENGINE=InnoDB DEFAULT CHARSET=utf8;

--
-- Dumping data for table `brand_models`
--

INSERT INTO `brand_models` (`id`, `brand_id`, `model`) VALUES
(1, 1, '124 Spider'),
(2, 1, '500'),
(3, 1, '500C'),
(4, 1, '595'),
(5, 1, '595C'),
(6, 1, '595 Competizione'),
(7, 1, '595 Turismo'),
(8, 1, '695'),
(9, 1, '695C'),
(10, 1, 'Grande Punto'),
(11, 1, 'Punto Evo'),
(12, 1, 'Other'),
(14, 3, 'MDX'),
(15, 3, 'NSX'),
(16, 3, 'RL'),
(17, 3, 'RSX'),
(18, 3, 'TL'),
(19, 3, 'TSX'),
(20, 3, 'Other'),
(21, 4, 'City'),
(22, 4, 'Crossline'),
(23, 4, 'Roadline'),
(24, 4, 'Scouty R'),
(25, 4, 'Other'),
(26, 5, '4C'),
(27, 5, '8C'),
(28, 5, 'Alfa 145'),
(29, 5, 'Alfa 146'),
(30, 5, 'Alfa 147'),
(31, 5, 'Alfa 155'),
(32, 5, 'Alfa 156'),
(33, 5, 'Alfa 159'),
(34, 5, 'Alfa 164'),
(35, 5, 'Alfa 166'),
(36, 5, 'Alfa 33'),
(37, 5, 'Alfa 75'),
(38, 5, 'Alfa 90'),
(39, 5, 'Alfasud'),
(40, 5, 'Alfetta'),
(41, 5, 'Brera'),
(42, 5, 'Crosswagon'),
(43, 5, 'Giulia'),
(44, 5, 'Giulietta'),
(45, 5, 'GT'),
(46, 5, 'GTV'),
(47, 5, 'Junior'),
(48, 5, 'MiTo'),
(49, 5, 'Spider'),
(50, 5, 'Sprint'),
(51, 5, 'Stelvio'),
(52, 5, 'Other'),
(53, 6, 'B10'),
(54, 6, 'B12'),
(55, 6, 'B3'),
(56, 6, 'B4'),
(57, 6, 'B5'),
(58, 6, 'B6'),
(59, 6, 'B7'),
(60, 6, 'B8'),
(61, 6, 'D10'),
(62, 6, 'D3'),
(63, 6, 'D4'),
(64, 6, 'D5'),
(65, 6, 'Roadster S'),
(66, 6, 'XD3'),
(67, 6, 'XD4'),
(68, 6, 'Other'),
(69, 7, 'GT'),
(70, 7, 'Other'),
(71, 8, 'Rocsta'),
(72, 8, 'Other'),
(73, 9, 'AR1'),
(74, 9, 'Cygnet'),
(75, 9, 'DB'),
(76, 9, 'DB11'),
(77, 9, 'DB7'),
(78, 9, 'DB9'),
(79, 9, 'DBS'),
(80, 9, 'Lagonda'),
(81, 9, 'Rapide'),
(82, 9, 'V12 Vantage'),
(83, 9, 'V8 Vantage'),
(84, 9, 'Vanquish'),
(85, 9, 'Virage'),
(86, 9, 'Other'),
(87, 10, '100'),
(88, 10, '200'),
(89, 10, '80'),
(90, 10, '90'),
(91, 10, 'A1'),
(92, 10, 'A2'),
(93, 10, 'A3'),
(94, 10, 'A4'),
(95, 10, 'A4 Allroad'),
(96, 10, 'A5'),
(97, 10, 'A6'),
(98, 10, 'A6 Allroad'),
(99, 10, 'A7'),
(100, 10, 'A8'),
(101, 10, 'Cabriolet'),
(102, 10, 'Coupé'),
(103, 10, 'e-tron'),
(104, 10, 'Q1'),
(105, 10, 'Q2'),
(106, 10, 'Q3'),
(107, 10, 'Q5'),
(108, 10, 'Q7'),
(109, 10, 'Q8'),
(110, 10, 'quattro'),
(111, 10, 'R8'),
(112, 10, 'RS2'),
(113, 10, 'RS3'),
(114, 10, 'RS4'),
(115, 10, 'RS5'),
(116, 10, 'RS6'),
(117, 10, 'RS7'),
(118, 10, 'RSQ3'),
(119, 10, 'S1'),
(120, 10, 'S2'),
(121, 10, 'S3'),
(122, 10, 'S4'),
(123, 10, 'S5'),
(124, 10, 'S6'),
(125, 10, 'S7'),
(126, 10, 'S8'),
(127, 10, 'SQ2'),
(128, 10, 'SQ5'),
(129, 10, 'SQ7'),
(130, 10, 'SQ8'),
(131, 10, 'TT'),
(132, 10, 'TT RS'),
(133, 10, 'TTS'),
(134, 10, 'V8'),
(135, 10, 'Other'),
(137, 12, 'Other'),
(138, 13, 'Arnage'),
(139, 13, 'Azure'),
(140, 13, 'Bentayga'),
(141, 13, 'Brooklands'),
(142, 13, 'Continental'),
(143, 13, 'Continental Flying Spur'),
(144, 13, 'Continental GT'),
(145, 13, 'Continental GTC'),
(146, 13, 'Continental Supersports'),
(147, 13, 'Eight'),
(148, 13, 'Flying Spur'),
(149, 13, 'Mulsanne'),
(150, 13, 'Turbo R'),
(151, 13, 'Turbo RT'),
(152, 13, 'Turbo S'),
(153, 13, 'Other'),
(154, 14, '114'),
(155, 14, '116'),
(156, 14, '118'),
(157, 14, '120'),
(158, 14, '123'),
(159, 14, '125'),
(160, 14, '130'),
(161, 14, '135'),
(162, 14, '1er M Coupé'),
(163, 14, '2002'),
(164, 14, '214 Active Tourer'),
(165, 14, '214 Gran Tourer'),
(166, 14, '216'),
(167, 14, '216 Active Tourer'),
(168, 14, '216 Gran Tourer'),
(169, 14, '218'),
(170, 14, '218 Active Tourer'),
(171, 14, '218 Gran Tourer'),
(172, 14, '220'),
(173, 14, '220 Active Tourer'),
(174, 14, '220 Gran Tourer'),
(175, 14, '225'),
(176, 14, '225 Active Tourer'),
(177, 14, '228'),
(178, 14, '230'),
(179, 14, '315'),
(180, 14, '316'),
(181, 14, '318'),
(182, 14, '318 Gran Turismo'),
(183, 14, '320'),
(184, 14, '320 Gran Turismo'),
(185, 14, '323'),
(186, 14, '324'),
(187, 14, '325'),
(188, 14, '325 Gran Turismo'),
(189, 14, '328'),
(190, 14, '328 Gran Turismo'),
(191, 14, '330'),
(192, 14, '330 Gran Turismo'),
(193, 14, '335'),
(194, 14, '335 Gran Turismo'),
(195, 14, '340'),
(196, 14, '340 Gran Turismo'),
(197, 14, 'ActiveHybrid 3'),
(198, 14, '418'),
(199, 14, '418 Gran Coupé'),
(200, 14, '420'),
(201, 14, '420 Gran Coupé'),
(202, 14, '425'),
(203, 14, '425 Gran Coupé'),
(204, 14, '428'),
(205, 14, '428 Gran Coupé'),
(206, 14, '430'),
(207, 14, '430 Gran Coupé'),
(208, 14, '435'),
(209, 14, '435 Gran Coupé'),
(210, 14, '440'),
(211, 14, '440 Gran Coupé'),
(212, 14, '518'),
(213, 14, '520'),
(214, 14, '520 Gran Turismo'),
(215, 14, '523'),
(216, 14, '524'),
(217, 14, '525'),
(218, 14, '528'),
(219, 14, '530'),
(220, 14, '530 Gran Turismo'),
(221, 14, '535'),
(222, 14, '535 Gran Turismo'),
(223, 14, '540'),
(224, 14, '545'),
(225, 14, '550'),
(226, 14, '550 Gran Turismo'),
(227, 14, 'ActiveHybrid 5'),
(228, 14, '620 Gran Turismo'),
(229, 14, '628'),
(230, 14, '630'),
(231, 14, '630 Gran Turismo'),
(232, 14, '633'),
(233, 14, '635'),
(234, 14, '640'),
(235, 14, '640 Gran Coupé'),
(236, 14, '640 Gran Turismo'),
(237, 14, '645'),
(238, 14, '650'),
(239, 14, '650 Gran Coupé'),
(240, 14, '725'),
(241, 14, '728'),
(242, 14, '730'),
(243, 14, '732'),
(244, 14, '735'),
(245, 14, '740'),
(246, 14, '745'),
(247, 14, '750'),
(248, 14, '760'),
(249, 14, 'ActiveHybrid 7'),
(250, 14, '840'),
(251, 14, '850'),
(252, 14, 'i3'),
(253, 14, 'i8'),
(254, 14, 'M135'),
(255, 14, 'M140i'),
(256, 14, 'M2'),
(257, 14, 'M235'),
(258, 14, 'M240i'),
(259, 14, 'M3'),
(260, 14, 'M340i'),
(261, 14, 'M4'),
(262, 14, 'M5'),
(263, 14, 'M550'),
(264, 14, 'M6'),
(265, 14, 'M760'),
(266, 14, 'M850'),
(267, 14, 'ActiveHybrid X6'),
(268, 14, 'X1'),
(269, 14, 'X2'),
(270, 14, 'X3'),
(271, 14, 'X3 M'),
(272, 14, 'X3 M40'),
(273, 14, 'X4'),
(274, 14, 'X4 M'),
(275, 14, 'X4 M40'),
(276, 14, 'X5'),
(277, 14, 'X5 M'),
(278, 14, 'X5 M50'),
(279, 14, 'X6'),
(280, 14, 'X6 M'),
(281, 14, 'X6 M50'),
(282, 14, 'X7'),
(283, 14, 'Z1'),
(284, 14, 'Z3'),
(285, 14, 'Z3 M'),
(286, 14, 'Z4'),
(287, 14, 'Z4 M'),
(288, 14, 'Z8'),
(289, 14, 'Other'),
(290, 15, 'Other'),
(291, 16, 'BC3'),
(292, 16, 'BS2'),
(293, 16, 'BS4'),
(294, 16, 'BS6'),
(295, 16, 'Other'),
(296, 17, 'Chiron'),
(297, 17, 'EB 110'),
(298, 17, 'Veyron'),
(299, 17, 'Other'),
(300, 18, 'Century'),
(301, 18, 'Electra'),
(302, 18, 'Enclave'),
(303, 18, 'La Crosse'),
(304, 18, 'Le Sabre'),
(305, 18, 'Park Avenue'),
(306, 18, 'Regal'),
(307, 18, 'Riviera'),
(308, 18, 'Roadmaster'),
(309, 18, 'Skylark'),
(310, 18, 'Other'),
(311, 19, 'Allante'),
(312, 19, 'ATS'),
(313, 19, 'BLS'),
(314, 19, 'CT6'),
(315, 19, 'CTS'),
(316, 19, 'Deville'),
(317, 19, 'Eldorado'),
(318, 19, 'Escalade'),
(319, 19, 'Fleetwood'),
(320, 19, 'Seville'),
(321, 19, 'SRX'),
(322, 19, 'STS'),
(323, 19, 'XLR'),
(324, 19, 'XT5'),
(325, 19, 'Other'),
(326, 20, 'Other'),
(327, 21, 'Other'),
(328, 22, 'Other'),
(329, 23, '2500'),
(330, 23, 'Alero'),
(331, 23, 'Astro'),
(332, 23, 'Avalanche'),
(333, 23, 'Aveo'),
(334, 23, 'Beretta'),
(335, 23, 'Blazer'),
(336, 23, 'C1500'),
(337, 23, 'Camaro'),
(338, 23, 'Caprice'),
(339, 23, 'Captiva'),
(340, 23, 'Cavalier'),
(341, 23, 'Chevelle'),
(342, 23, 'Chevy Van'),
(343, 23, 'Citation'),
(344, 23, 'Colorado'),
(345, 23, 'Corsica'),
(346, 23, 'Cruze'),
(347, 23, 'El Camino'),
(348, 23, 'Epica'),
(349, 23, 'Evanda'),
(350, 23, 'Express'),
(351, 23, 'G'),
(352, 23, 'HHR'),
(353, 23, 'Impala'),
(354, 23, 'K1500'),
(355, 23, 'K30'),
(356, 23, 'Kalos'),
(357, 23, 'Lacetti'),
(358, 23, 'Lumina'),
(359, 23, 'Malibu'),
(360, 23, 'Matiz'),
(361, 23, 'Niva'),
(362, 23, 'Nubira'),
(363, 23, 'Orlando'),
(364, 23, 'Rezzo'),
(365, 23, 'S-10'),
(366, 23, 'Silverado'),
(367, 23, 'Spark'),
(368, 23, 'SSR'),
(369, 23, 'Suburban'),
(370, 23, 'Tahoe'),
(371, 23, 'Trailblazer'),
(372, 23, 'Trans Sport'),
(373, 23, 'Traverse'),
(374, 23, 'Trax'),
(375, 23, 'Venture'),
(376, 23, 'Volt'),
(377, 23, 'Other'),
(378, 24, '200'),
(379, 24, '300C'),
(380, 24, '300 M'),
(381, 24, 'Aspen'),
(382, 24, 'Crossfire'),
(383, 24, 'Daytona'),
(384, 24, 'ES'),
(385, 24, 'Grand Voyager'),
(386, 24, 'GS'),
(387, 24, 'GTS'),
(388, 24, 'Imperial'),
(389, 24, 'Le Baron'),
(390, 24, 'Neon'),
(391, 24, 'New Yorker'),
(392, 24, 'Pacifica'),
(393, 24, 'PT Cruiser'),
(394, 24, 'Saratoga'),
(395, 24, 'Sebring'),
(396, 24, 'Stratus'),
(397, 24, 'Valiant'),
(398, 24, 'Viper'),
(399, 24, 'Vision'),
(400, 24, 'Voyager'),
(401, 24, 'Other'),
(402, 25, '2 CV'),
(403, 25, 'AX'),
(404, 25, 'Berlingo'),
(405, 25, 'BX'),
(406, 25, 'C1'),
(407, 25, 'C2'),
(408, 25, 'C3'),
(409, 25, 'C3 Aircross'),
(410, 25, 'C3 Picasso'),
(411, 25, 'C4'),
(412, 25, 'C4 Aircross'),
(413, 25, 'C4 Cactus'),
(414, 25, 'C4 Picasso'),
(415, 25, 'C4 SpaceTourer'),
(416, 25, 'C5'),
(417, 25, 'C5 Aircross'),
(418, 25, 'C6'),
(419, 25, 'C8'),
(420, 25, 'C-Crosser'),
(421, 25, 'C-Elysée'),
(422, 25, 'CX'),
(423, 25, 'C-Zero'),
(424, 25, 'DS'),
(425, 25, 'DS3'),
(426, 25, 'DS4'),
(427, 25, 'DS4 Crossback'),
(428, 25, 'DS5'),
(429, 25, 'E-MEHARI'),
(430, 25, 'Evasion'),
(431, 25, 'Grand C4 Picasso / SpaceTourer'),
(432, 25, 'GSA'),
(433, 25, 'Jumper'),
(434, 25, 'Jumpy'),
(435, 25, 'Nemo'),
(436, 25, 'SAXO'),
(437, 25, 'SM'),
(438, 25, 'SpaceTourer'),
(439, 25, 'Visa'),
(440, 25, 'Xantia'),
(441, 25, 'XM'),
(442, 25, 'Xsara'),
(443, 25, 'Xsara Picasso'),
(444, 25, 'ZX'),
(445, 25, 'Other'),
(446, 26, 'Other'),
(447, 27, 'C1'),
(448, 27, 'C2'),
(449, 27, 'C3'),
(450, 27, 'C4'),
(451, 27, 'C5'),
(452, 27, 'C6'),
(453, 27, 'C7'),
(454, 27, 'C8'),
(455, 27, 'Z06'),
(456, 27, 'ZR 1'),
(457, 27, 'Other'),
(458, 28, 'Arona'),
(459, 28, 'Ateca'),
(460, 28, 'Ibiza'),
(461, 28, 'Other'),
(462, 29, 'Dokker'),
(463, 29, 'Duster'),
(464, 29, 'Lodgy'),
(465, 29, 'Logan'),
(466, 29, 'Logan Pick-Up'),
(467, 29, 'Pick Up'),
(468, 29, 'Sandero'),
(469, 29, 'Other'),
(470, 30, 'Espero'),
(471, 30, 'Evanda'),
(472, 30, 'Kalos'),
(473, 30, 'Korando'),
(474, 30, 'Lacetti'),
(475, 30, 'Lanos'),
(476, 30, 'Leganza'),
(477, 30, 'Matiz'),
(478, 30, 'Musso'),
(479, 30, 'Nexia'),
(480, 30, 'Nubira'),
(481, 30, 'Rezzo'),
(482, 30, 'Tacuma'),
(483, 30, 'Other'),
(484, 31, 'Applause'),
(485, 31, 'Charade'),
(486, 31, 'Charmant'),
(487, 31, 'Copen'),
(488, 31, 'Cuore'),
(489, 31, 'Feroza/Sportrak'),
(490, 31, 'Freeclimber'),
(491, 31, 'Gran Move'),
(492, 31, 'Hijet'),
(493, 31, 'MATERIA'),
(494, 31, 'Move'),
(495, 31, 'Rocky/Fourtrak'),
(496, 31, 'Sirion'),
(497, 31, 'Terios'),
(498, 31, 'TREVIS'),
(499, 31, 'YRV'),
(500, 31, 'Other'),
(501, 32, 'Guarà'),
(502, 32, 'Pantera'),
(503, 32, 'Other'),
(504, 33, 'Avenger'),
(505, 33, 'Caliber'),
(506, 33, 'Challenger'),
(507, 33, 'Charger'),
(508, 33, 'Dakota'),
(509, 33, 'Dart'),
(510, 33, 'Demon'),
(511, 33, 'Durango'),
(512, 33, 'Grand Caravan'),
(513, 33, 'Hornet'),
(514, 33, 'Journey'),
(515, 33, 'Magnum'),
(516, 33, 'Neon'),
(517, 33, 'Nitro'),
(518, 33, 'RAM'),
(519, 33, 'Stealth'),
(520, 33, 'Viper'),
(521, 33, 'Other'),
(522, 34, 'D8'),
(523, 34, 'S7'),
(524, 34, 'S8'),
(525, 34, 'Other'),
(526, 35, 'DS3'),
(527, 35, 'DS3 Crossback'),
(528, 35, 'DS4'),
(529, 35, 'DS4 Crossback'),
(530, 35, 'DS5'),
(531, 35, 'DS7 Crossback'),
(532, 35, 'Other'),
(533, 36, '208'),
(534, 36, '246'),
(535, 36, '250'),
(536, 36, '275'),
(537, 36, '288'),
(538, 36, '308'),
(539, 36, '328'),
(540, 36, '330'),
(541, 36, '348'),
(542, 36, '360'),
(543, 36, '365'),
(544, 36, '400'),
(545, 36, '412'),
(546, 36, '456'),
(547, 36, '458'),
(548, 36, '488 GTB'),
(549, 36, '488 Pista'),
(550, 36, '488 Spider'),
(551, 36, '512'),
(552, 36, '550'),
(553, 36, '575'),
(554, 36, '599 GTB'),
(555, 36, '599 GTO'),
(556, 36, '599 SA Aperta'),
(557, 36, '612'),
(558, 36, '750'),
(559, 36, '812'),
(560, 36, 'California'),
(561, 36, 'Daytona'),
(562, 36, 'Dino GT4'),
(563, 36, 'Enzo Ferrari'),
(564, 36, 'F12'),
(565, 36, 'F355'),
(566, 36, 'F40'),
(567, 36, 'F430'),
(568, 36, 'F50'),
(569, 36, 'FF'),
(570, 36, 'GTC4Lusso'),
(571, 36, 'LaFerrari'),
(572, 36, 'Mondial'),
(573, 36, 'Portofino'),
(574, 36, 'Superamerica'),
(575, 36, 'Testarossa'),
(576, 36, 'Other'),
(577, 37, '124'),
(578, 37, '124 Spider'),
(579, 37, '126'),
(580, 37, '127'),
(581, 37, '130'),
(582, 37, '131'),
(583, 37, '500'),
(584, 37, '500C'),
(585, 37, '500L'),
(586, 37, '500L Cross'),
(587, 37, '500L Living'),
(588, 37, '500L Trekking'),
(589, 37, '500L Urban'),
(590, 37, '500L Wagon'),
(591, 37, '500S'),
(592, 37, '500X'),
(593, 37, 'Albea'),
(594, 37, 'Barchetta'),
(595, 37, 'Brava'),
(596, 37, 'Bravo'),
(597, 37, 'Cinquecento'),
(598, 37, 'Coupe'),
(599, 37, 'Croma'),
(600, 37, 'Dino'),
(601, 37, 'Doblo'),
(602, 37, 'Ducato'),
(603, 37, 'Fiorino'),
(604, 37, 'Freemont'),
(605, 37, 'Fullback'),
(606, 37, 'Grande Punto'),
(607, 37, 'Idea'),
(608, 37, 'Linea'),
(609, 37, 'Marea'),
(610, 37, 'Marengo'),
(611, 37, 'Multipla'),
(612, 37, 'New Panda'),
(613, 37, 'Palio'),
(614, 37, 'Panda'),
(615, 37, 'Punto'),
(616, 37, 'Punto Evo'),
(617, 37, 'Qubo'),
(618, 37, 'Regata'),
(619, 37, 'Ritmo'),
(620, 37, 'Scudo'),
(621, 37, 'Sedici'),
(622, 37, 'Seicento'),
(623, 37, 'Siena'),
(624, 37, 'Spider Europa'),
(625, 37, 'Stilo'),
(626, 37, 'Strada'),
(627, 37, 'Talento'),
(628, 37, 'Tempra'),
(629, 37, 'Tipo'),
(630, 37, 'Ulysse'),
(631, 37, 'Uno'),
(632, 37, 'X 1/9'),
(633, 37, 'Other'),
(634, 38, 'Karma'),
(635, 38, 'Other'),
(636, 39, 'Aerostar'),
(637, 39, 'B-Max'),
(638, 39, 'Bronco'),
(639, 39, 'Capri'),
(640, 39, 'C-Max'),
(641, 39, 'Cougar'),
(642, 39, 'Courier'),
(643, 39, 'Crown'),
(644, 39, 'Econoline'),
(645, 39, 'Econovan'),
(646, 39, 'EcoSport'),
(647, 39, 'Edge'),
(648, 39, 'Escape'),
(649, 39, 'Escort'),
(650, 39, 'Excursion'),
(651, 39, 'Expedition'),
(652, 39, 'Explorer'),
(653, 39, 'Express'),
(654, 39, 'F 100'),
(655, 39, 'F 150'),
(656, 39, 'F 250'),
(657, 39, 'F 350'),
(658, 39, 'Fairlane'),
(659, 39, 'Falcon'),
(660, 39, 'Fiesta'),
(661, 39, 'Flex'),
(662, 39, 'Focus'),
(663, 39, 'Fusion'),
(664, 39, 'Galaxy'),
(665, 39, 'Granada'),
(666, 39, 'Grand C-Max'),
(667, 39, 'Grand Tourneo'),
(668, 39, 'GT'),
(669, 39, 'Ka/Ka+'),
(670, 39, 'Kuga'),
(671, 39, 'Maverick'),
(672, 39, 'Mercury'),
(673, 39, 'Mondeo'),
(674, 39, 'Mustang'),
(675, 39, 'Orion'),
(676, 39, 'Probe'),
(677, 39, 'Puma'),
(678, 39, 'Ranger'),
(679, 39, 'Raptor'),
(680, 39, 'Scorpio'),
(681, 39, 'Sierra'),
(682, 39, 'S-Max'),
(683, 39, 'Sportka'),
(684, 39, 'Streetka'),
(685, 39, 'Taunus'),
(686, 39, 'Taurus'),
(687, 39, 'Thunderbird'),
(688, 39, 'Tourneo'),
(689, 39, 'Tourneo Connect'),
(690, 39, 'Tourneo Courier'),
(691, 39, 'Tourneo Custom'),
(692, 39, 'Transit'),
(693, 39, 'Transit Connect'),
(694, 39, 'Transit Courier'),
(695, 39, 'Transit Custom'),
(696, 39, 'Windstar'),
(697, 39, 'Other'),
(698, 40, 'Other'),
(699, 41, 'Other'),
(700, 42, 'Acadia'),
(701, 42, 'Envoy'),
(702, 42, 'Safari'),
(703, 42, 'Savana'),
(704, 42, 'Sierra'),
(705, 42, 'Sonoma'),
(706, 42, 'Syclone'),
(707, 42, 'Terrain'),
(708, 42, 'Typhoon'),
(709, 42, 'Vandura'),
(710, 42, 'Yukon'),
(711, 42, 'Other'),
(712, 43, 'Sonique'),
(713, 43, 'Other'),
(714, 44, 'Other'),
(715, 45, 'Other'),
(716, 46, 'Accord'),
(717, 46, 'Aerodeck'),
(718, 46, 'City'),
(719, 46, 'Civic'),
(720, 46, 'Clarity'),
(721, 46, 'Concerto'),
(722, 46, 'CR-V'),
(723, 46, 'CRX'),
(724, 46, 'CR-Z'),
(725, 46, 'e'),
(726, 46, 'Element'),
(727, 46, 'FR-V'),
(728, 46, 'HR-V'),
(729, 46, 'Insight'),
(730, 46, 'Integra'),
(731, 46, 'Jazz'),
(732, 46, 'Legend'),
(733, 46, 'Logo'),
(734, 46, 'NSX'),
(735, 46, 'Odyssey'),
(736, 46, 'Pilot'),
(737, 46, 'Prelude'),
(738, 46, 'Ridgeline'),
(739, 46, 'S2000'),
(740, 46, 'Shuttle'),
(741, 46, 'Stream'),
(742, 46, 'Other'),
(743, 47, 'H1'),
(744, 47, 'H2'),
(745, 47, 'H3'),
(746, 47, 'Other'),
(747, 48, 'Accent'),
(748, 48, 'Atos'),
(749, 48, 'Azera'),
(750, 48, 'Coupe'),
(751, 48, 'Elantra'),
(752, 48, 'Excel'),
(753, 48, 'Galloper'),
(754, 48, 'Genesis'),
(755, 48, 'Getz'),
(756, 48, 'Grandeur'),
(757, 48, 'Grand Santa Fe'),
(758, 48, 'H-1'),
(759, 48, 'H 100'),
(760, 48, 'H-1 Starex'),
(761, 48, 'H 200'),
(762, 48, 'H350'),
(763, 48, 'i10'),
(764, 48, 'i20'),
(765, 48, 'i30'),
(766, 48, 'i40'),
(767, 48, 'i50'),
(768, 48, 'IONIQ'),
(769, 48, 'ix20'),
(770, 48, 'ix35'),
(771, 48, 'ix55'),
(772, 48, 'Kona'),
(773, 48, 'Lantra'),
(774, 48, 'Matrix'),
(775, 48, 'Nexo'),
(776, 48, 'Pony'),
(777, 48, 'Santa Fe'),
(778, 48, 'Santamo'),
(779, 48, 'S-Coupe'),
(780, 48, 'Sonata'),
(781, 48, 'Terracan'),
(782, 48, 'Trajet'),
(783, 48, 'Tucson'),
(784, 48, 'Veloster'),
(785, 48, 'Veracruz'),
(786, 48, 'XG 30'),
(787, 48, 'XG 350'),
(788, 48, 'Other'),
(789, 49, 'EX30'),
(790, 49, 'EX35'),
(791, 49, 'EX37'),
(792, 49, 'FX'),
(793, 49, 'G35'),
(794, 49, 'G37'),
(795, 49, 'M30'),
(796, 49, 'M35'),
(797, 49, 'M37'),
(798, 49, 'Q30'),
(799, 49, 'Q45'),
(800, 49, 'Q50'),
(801, 49, 'Q60'),
(802, 49, 'Q70'),
(803, 49, 'QX30'),
(804, 49, 'QX50'),
(805, 49, 'QX56'),
(806, 49, 'QX70'),
(807, 49, 'Other'),
(808, 50, 'Campo'),
(809, 50, 'D-Max'),
(810, 50, 'Gemini'),
(811, 50, 'Midi'),
(812, 50, 'PICK UP'),
(813, 50, 'Trooper'),
(814, 50, 'Other'),
(815, 51, 'Massif'),
(816, 51, 'Other'),
(817, 52, 'Daimler'),
(818, 52, 'E-Pace'),
(819, 52, 'E-Type'),
(820, 52, 'F-Pace'),
(821, 52, 'F-Type'),
(822, 52, 'I-Pace'),
(823, 52, 'MK II'),
(824, 52, 'S-Type'),
(825, 52, 'XE'),
(826, 52, 'XF'),
(827, 52, 'XJ'),
(828, 52, 'XJ12'),
(829, 52, 'XJ40'),
(830, 52, 'XJ6'),
(831, 52, 'XJ8'),
(832, 52, 'XJR'),
(833, 52, 'XJS'),
(834, 52, 'XJSC'),
(835, 52, 'XK'),
(836, 52, 'XK8'),
(837, 52, 'XKR'),
(838, 52, 'X-Type'),
(839, 52, 'Other'),
(840, 53, 'Cherokee'),
(841, 53, 'CJ'),
(842, 53, 'Comanche'),
(843, 53, 'Commander'),
(844, 53, 'Compass'),
(845, 53, 'Grand Cherokee'),
(846, 53, 'Patriot'),
(847, 53, 'Renegade'),
(848, 53, 'Wagoneer'),
(849, 53, 'Willys'),
(850, 53, 'Wrangler'),
(851, 53, 'Other'),
(852, 54, 'Besta'),
(853, 54, 'Borrego'),
(854, 54, 'Carens'),
(855, 54, 'Carnival'),
(856, 54, 'cee\'d / Ceed'),
(857, 54, 'cee\'d Sportswagon'),
(858, 54, 'Cerato'),
(859, 54, 'Clarus'),
(860, 54, 'Elan'),
(861, 54, 'Joice'),
(862, 54, 'K2500'),
(863, 54, 'K2700'),
(864, 54, 'Leo'),
(865, 54, 'Magentis'),
(866, 54, 'Mentor'),
(867, 54, 'Mini'),
(868, 54, 'Niro'),
(869, 54, 'Opirus'),
(870, 54, 'Optima'),
(871, 54, 'Picanto'),
(872, 54, 'Pregio'),
(873, 54, 'Pride'),
(874, 54, 'pro_cee\'d / ProCeed'),
(875, 54, 'Retona'),
(876, 54, 'Rio'),
(877, 54, 'Roadster'),
(878, 54, 'Rocsta'),
(879, 54, 'Sephia'),
(880, 54, 'Shuma'),
(881, 54, 'Sorento'),
(882, 54, 'Soul'),
(883, 54, 'Sportage'),
(884, 54, 'Stinger'),
(885, 54, 'Stonic'),
(886, 54, 'Venga'),
(887, 54, 'XCeed'),
(888, 54, 'Other'),
(889, 55, 'Agera'),
(890, 55, 'CCR'),
(891, 55, 'CCXR'),
(892, 55, 'Other'),
(893, 56, 'X-BOW'),
(894, 56, 'Other'),
(895, 57, '110'),
(896, 57, '111'),
(897, 57, '112'),
(898, 57, '1200'),
(899, 57, '2107'),
(900, 57, '2110'),
(901, 57, '2111'),
(902, 57, '2112'),
(903, 57, 'Aleko'),
(904, 57, 'Forma'),
(905, 57, 'Granta'),
(906, 57, 'Kalina'),
(907, 57, 'Niva'),
(908, 57, 'Nova'),
(909, 57, 'Priora'),
(910, 57, 'Samara'),
(911, 57, 'Taiga'),
(912, 57, 'Urban'),
(913, 57, 'Vesta'),
(914, 57, 'X-Ray'),
(915, 57, 'Other'),
(916, 58, 'Aventador'),
(917, 58, 'Countach'),
(918, 58, 'Diablo'),
(919, 58, 'Espada'),
(920, 58, 'Gallardo'),
(921, 58, 'Huracán'),
(922, 58, 'Jalpa'),
(923, 58, 'LM'),
(924, 58, 'Miura'),
(925, 58, 'Murciélago'),
(926, 58, 'Urraco'),
(927, 58, 'Urus'),
(928, 58, 'Other'),
(929, 59, 'Beta'),
(930, 59, 'Dedra'),
(931, 59, 'Delta'),
(932, 59, 'Flaminia'),
(933, 59, 'Flavia'),
(934, 59, 'Fulvia'),
(935, 59, 'Gamma'),
(936, 59, 'Kappa'),
(937, 59, 'Lybra'),
(938, 59, 'MUSA'),
(939, 59, 'Phedra'),
(940, 59, 'Prisma'),
(941, 59, 'Stratos'),
(942, 59, 'Thema'),
(943, 59, 'Thesis'),
(944, 59, 'Voyager'),
(945, 59, 'Ypsilon'),
(946, 59, 'Zeta'),
(947, 59, 'Other'),
(948, 60, 'Defender'),
(949, 60, 'Discovery'),
(950, 60, 'Discovery Sport'),
(951, 60, 'Freelander'),
(952, 60, 'Range Rover'),
(953, 60, 'Range Rover Evoque'),
(954, 60, 'Range Rover Sport'),
(955, 60, 'Range Rover Velar'),
(956, 60, 'Serie I'),
(957, 60, 'Serie II'),
(958, 60, 'Serie III'),
(959, 60, 'Other'),
(960, 61, 'CV-9'),
(961, 61, 'S'),
(962, 61, 'SC2'),
(963, 61, 'SC4'),
(964, 61, 'Other'),
(965, 62, 'CT 200h'),
(966, 62, 'ES 300'),
(967, 62, 'ES 330'),
(968, 62, 'ES 350'),
(969, 62, 'GS 250'),
(970, 62, 'GS 300'),
(971, 62, 'GS 350'),
(972, 62, 'GS 430'),
(973, 62, 'GS 450'),
(974, 62, 'GS 460'),
(975, 62, 'GS F'),
(976, 62, 'GX 470'),
(977, 62, 'IS 200'),
(978, 62, 'IS 220'),
(979, 62, 'IS 250'),
(980, 62, 'IS 300'),
(981, 62, 'IS 350'),
(982, 62, 'IS-F'),
(983, 62, 'LC 500'),
(984, 62, 'LC 500h'),
(985, 62, 'LFA'),
(986, 62, 'LS 400'),
(987, 62, 'LS 430'),
(988, 62, 'LS 460'),
(989, 62, 'LS 500'),
(990, 62, 'LS 600'),
(991, 62, 'LX 470'),
(992, 62, 'LX 570'),
(993, 62, 'NX 200'),
(994, 62, 'NX 300'),
(995, 62, 'RC 200'),
(996, 62, 'RC 300'),
(997, 62, 'RC 350'),
(998, 62, 'RC F'),
(999, 62, 'RX 200'),
(1000, 62, 'RX 300'),
(1001, 62, 'RX 330'),
(1002, 62, 'RX 350'),
(1003, 62, 'RX 400'),
(1004, 62, 'RX 450'),
(1005, 62, 'SC 400'),
(1006, 62, 'SC 430'),
(1007, 62, 'UX'),
(1008, 62, 'Other'),
(1009, 63, 'Ambra'),
(1010, 63, 'Be Sun'),
(1011, 63, 'JS 50'),
(1012, 63, 'JS 50 L'),
(1013, 63, 'JS RC'),
(1014, 63, 'Nova'),
(1015, 63, 'Optima'),
(1016, 63, 'X - Too'),
(1017, 63, 'Other'),
(1018, 64, 'Aviator'),
(1019, 64, 'Continental'),
(1020, 64, 'LS'),
(1021, 64, 'Mark'),
(1022, 64, 'Navigator'),
(1023, 64, 'Town Car'),
(1024, 64, 'Other'),
(1025, 65, '340 R'),
(1026, 65, 'Cortina'),
(1027, 65, 'Elan'),
(1028, 65, 'Elise'),
(1029, 65, 'Elite'),
(1030, 65, 'Esprit'),
(1031, 65, 'Europa'),
(1032, 65, 'Evora'),
(1033, 65, 'Excel'),
(1034, 65, 'Exige'),
(1035, 65, 'Super Seven'),
(1036, 65, 'Other'),
(1037, 66, 'Other'),
(1038, 67, '222'),
(1039, 67, '224'),
(1040, 67, '228'),
(1041, 67, '3200'),
(1042, 67, '418'),
(1043, 67, '420'),
(1044, 67, '4200'),
(1045, 67, '422'),
(1046, 67, '424'),
(1047, 67, '430'),
(1048, 67, 'Biturbo'),
(1049, 67, 'Ghibli'),
(1050, 67, 'GranCabrio'),
(1051, 67, 'Gransport'),
(1052, 67, 'Granturismo'),
(1053, 67, 'Indy'),
(1054, 67, 'Karif'),
(1055, 67, 'Levante'),
(1056, 67, 'MC12'),
(1057, 67, 'Merak'),
(1058, 67, 'Quattroporte'),
(1059, 67, 'Shamal'),
(1060, 67, 'Spyder'),
(1061, 67, 'Other'),
(1062, 68, '57'),
(1063, 68, '62'),
(1064, 68, 'Pullman'),
(1065, 68, 'Other'),
(1066, 69, '121'),
(1067, 69, '2'),
(1068, 69, '3'),
(1069, 69, '323'),
(1070, 69, '5'),
(1071, 69, '6'),
(1072, 69, '626'),
(1073, 69, '929'),
(1074, 69, 'Bongo'),
(1075, 69, 'B series'),
(1076, 69, 'BT-50'),
(1077, 69, 'CX-3'),
(1078, 69, 'CX-30'),
(1079, 69, 'CX-5'),
(1080, 69, 'CX-7'),
(1081, 69, 'CX-9'),
(1082, 69, 'Demio'),
(1083, 69, 'E series'),
(1084, 69, 'Millenia'),
(1085, 69, 'MPV'),
(1086, 69, 'MX-3'),
(1087, 69, 'MX-5'),
(1088, 69, 'MX-6'),
(1089, 69, 'Premacy'),
(1090, 69, 'Protege'),
(1091, 69, 'RX-6'),
(1092, 69, 'RX-7'),
(1093, 69, 'RX-8'),
(1094, 69, 'Tribute'),
(1095, 69, 'Xedos'),
(1096, 69, 'Other'),
(1097, 70, '540C'),
(1098, 70, '570GT'),
(1099, 70, '570S'),
(1100, 70, '650S'),
(1101, 70, '650S Coupé'),
(1102, 70, '650S Spider'),
(1103, 70, '675LT'),
(1104, 70, '675LT Spider'),
(1105, 70, '720S'),
(1106, 70, 'GT'),
(1107, 70, 'MP4-12C'),
(1108, 70, 'P1'),
(1109, 70, 'Other'),
(1110, 71, '190'),
(1111, 71, '200'),
(1112, 71, '220'),
(1113, 71, '230'),
(1114, 71, '240'),
(1115, 71, '250'),
(1116, 71, '260'),
(1117, 71, '270'),
(1118, 71, '280'),
(1119, 71, '290'),
(1120, 71, '300'),
(1121, 71, '320'),
(1122, 71, '350'),
(1123, 71, '380'),
(1124, 71, '400'),
(1125, 71, '416'),
(1126, 71, '420'),
(1127, 71, '450'),
(1128, 71, '500'),
(1129, 71, '560'),
(1130, 71, '600'),
(1131, 71, 'A 140'),
(1132, 71, 'A 150'),
(1133, 71, 'A 160'),
(1134, 71, 'A 170'),
(1135, 71, 'A 180'),
(1136, 71, 'A 190'),
(1137, 71, 'A 200'),
(1138, 71, 'A 210'),
(1139, 71, 'A 220'),
(1140, 71, 'A 250'),
(1141, 71, 'A 35 AMG'),
(1142, 71, 'A 45 AMG'),
(1143, 71, 'B 150'),
(1144, 71, 'B 160'),
(1145, 71, 'B 170'),
(1146, 71, 'B 180'),
(1147, 71, 'B 200'),
(1148, 71, 'B 220'),
(1149, 71, 'B 250'),
(1150, 71, 'B Electric Drive'),
(1151, 71, 'C 160'),
(1152, 71, 'C 180'),
(1153, 71, 'C 200'),
(1154, 71, 'C 220'),
(1155, 71, 'C 230'),
(1156, 71, 'C 240'),
(1157, 71, 'C 250'),
(1158, 71, 'C 270'),
(1159, 71, 'C 280'),
(1160, 71, 'C 300'),
(1161, 71, 'C 30 AMG'),
(1162, 71, 'C 320'),
(1163, 71, 'C 32 AMG'),
(1164, 71, 'C 350'),
(1165, 71, 'C 36 AMG'),
(1166, 71, 'C 400'),
(1167, 71, 'C 43 AMG'),
(1168, 71, 'C 450 AMG'),
(1169, 71, 'C 55 AMG'),
(1170, 71, 'C 63 AMG'),
(1171, 71, 'CE 200'),
(1172, 71, 'CE 220'),
(1173, 71, 'CE 230'),
(1174, 71, 'CE 280'),
(1175, 71, 'CE 300'),
(1176, 71, 'CE 320'),
(1177, 71, 'Citan'),
(1178, 71, 'CLA 180'),
(1179, 71, 'CLA 180 Shooting Brake'),
(1180, 71, 'CLA 200'),
(1181, 71, 'CLA 200 Shooting Brake'),
(1182, 71, 'CLA 220'),
(1183, 71, 'CLA 220 Shooting Brake'),
(1184, 71, 'CLA 250'),
(1185, 71, 'CLA 250 Shooting Brake'),
(1186, 71, 'CLA 35 AMG'),
(1187, 71, 'CLA 45 AMG'),
(1188, 71, 'CLA 45 AMG Shooting Brake'),
(1189, 71, 'CLA Shooting Brake'),
(1190, 71, 'CLC 160'),
(1191, 71, 'CLC 180'),
(1192, 71, 'CLC 200'),
(1193, 71, 'CLC 220'),
(1194, 71, 'CLC 230'),
(1195, 71, 'CLC 250'),
(1196, 71, 'CLC 350'),
(1197, 71, 'CL 160'),
(1198, 71, 'CL 180'),
(1199, 71, 'CL 200'),
(1200, 71, 'CL 220'),
(1201, 71, 'CL 230'),
(1202, 71, 'CL 320'),
(1203, 71, 'CL 420'),
(1204, 71, 'CL 500'),
(1205, 71, 'CL 55 AMG'),
(1206, 71, 'CL 600'),
(1207, 71, 'CL 63 AMG'),
(1208, 71, 'CL 65 AMG'),
(1209, 71, 'CLK 200'),
(1210, 71, 'CLK 220'),
(1211, 71, 'CLK 230'),
(1212, 71, 'CLK 240'),
(1213, 71, 'CLK 270'),
(1214, 71, 'CLK 280'),
(1215, 71, 'CLK 320'),
(1216, 71, 'CLK 350'),
(1217, 71, 'CLK 430'),
(1218, 71, 'CLK 500'),
(1219, 71, 'CLK 55 AMG'),
(1220, 71, 'CLK 63 AMG'),
(1221, 71, 'CLS 220'),
(1222, 71, 'CLS 220 Shooting Brake'),
(1223, 71, 'CLS 250'),
(1224, 71, 'CLS 250 Shooting Brake'),
(1225, 71, 'CLS 280'),
(1226, 71, 'CLS 300'),
(1227, 71, 'CLS 320'),
(1228, 71, 'CLS 350'),
(1229, 71, 'CLS 350 Shooting Brake'),
(1230, 71, 'CLS 400'),
(1231, 71, 'CLS 400 Shooting Brake'),
(1232, 71, 'CLS 450'),
(1233, 71, 'CLS 500'),
(1234, 71, 'CLS 500 Shooting Brake'),
(1235, 71, 'CLS 53 AMG'),
(1236, 71, 'CLS 55 AMG'),
(1237, 71, 'CLS 63 AMG'),
(1238, 71, 'CLS 63 AMG Shooting Brake'),
(1239, 71, 'CLS Shooting Brake'),
(1240, 71, 'E 200'),
(1241, 71, 'E 220'),
(1242, 71, 'E 230'),
(1243, 71, 'E 240'),
(1244, 71, 'E 250'),
(1245, 71, 'E 260'),
(1246, 71, 'E 270'),
(1247, 71, 'E 280'),
(1248, 71, 'E 290'),
(1249, 71, 'E 300'),
(1250, 71, 'E 320'),
(1251, 71, 'E 350'),
(1252, 71, 'E 36 AMG'),
(1253, 71, 'E 400'),
(1254, 71, 'E 420'),
(1255, 71, 'E 430'),
(1256, 71, 'E 43 AMG'),
(1257, 71, 'E 450'),
(1258, 71, 'E 50'),
(1259, 71, 'E 500'),
(1260, 71, 'E 53 AMG'),
(1261, 71, 'E 55 AMG'),
(1262, 71, 'E 60 AMG'),
(1263, 71, 'E 63 AMG'),
(1264, 71, 'EQC'),
(1265, 71, 'G 230'),
(1266, 71, 'G 240'),
(1267, 71, 'G 250'),
(1268, 71, 'G 270'),
(1269, 71, 'G 280'),
(1270, 71, 'G 290'),
(1271, 71, 'G 300'),
(1272, 71, 'G 320'),
(1273, 71, 'G 350'),
(1274, 71, 'G 400'),
(1275, 71, 'G 500'),
(1276, 71, 'G 55 AMG'),
(1277, 71, 'G 63 AMG'),
(1278, 71, 'G 65 AMG'),
(1279, 71, 'GLA 180'),
(1280, 71, 'GLA 200'),
(1281, 71, 'GLA 220'),
(1282, 71, 'GLA 250'),
(1283, 71, 'GLA 45 AMG'),
(1284, 71, 'GLB 180'),
(1285, 71, 'GLB 200'),
(1286, 71, 'GLB 220'),
(1287, 71, 'GLB 250'),
(1288, 71, 'GLC 200'),
(1289, 71, 'GLC 220'),
(1290, 71, 'GLC 250'),
(1291, 71, 'GLC 300'),
(1292, 71, 'GLC 350'),
(1293, 71, 'GLC 400'),
(1294, 71, 'GLC 43 AMG'),
(1295, 71, 'GLC 63 AMG'),
(1296, 71, 'GL 320'),
(1297, 71, 'GL 350'),
(1298, 71, 'GL 400'),
(1299, 71, 'GL 420'),
(1300, 71, 'GL 450'),
(1301, 71, 'GL 500'),
(1302, 71, 'GL 55 AMG'),
(1303, 71, 'GL 63 AMG'),
(1304, 71, 'GLE 250'),
(1305, 71, 'GLE 300'),
(1306, 71, 'GLE 350'),
(1307, 71, 'GLE 400'),
(1308, 71, 'GLE 43 AMG'),
(1309, 71, 'GLE 450'),
(1310, 71, 'GLE 500'),
(1311, 71, 'GLE 53 AMG'),
(1312, 71, 'GLE 63 AMG'),
(1313, 71, 'GLK 200'),
(1314, 71, 'GLK 220'),
(1315, 71, 'GLK 250'),
(1316, 71, 'GLK 280'),
(1317, 71, 'GLK 300'),
(1318, 71, 'GLK 320'),
(1319, 71, 'GLK 350'),
(1320, 71, 'GLS 350'),
(1321, 71, 'GLS 400'),
(1322, 71, 'GLS 500'),
(1323, 71, 'GLS 63'),
(1324, 71, 'AMG GT'),
(1325, 71, 'AMG GT C'),
(1326, 71, 'AMG GT R'),
(1327, 71, 'AMG GT S'),
(1328, 71, 'MB 100'),
(1329, 71, 'ML 230'),
(1330, 71, 'ML 250'),
(1331, 71, 'ML 270'),
(1332, 71, 'ML 280'),
(1333, 71, 'ML 300'),
(1334, 71, 'ML 320'),
(1335, 71, 'ML 350'),
(1336, 71, 'ML 400'),
(1337, 71, 'ML 420'),
(1338, 71, 'ML 430'),
(1339, 71, 'ML 450'),
(1340, 71, 'ML 500'),
(1341, 71, 'ML 55 AMG'),
(1342, 71, 'ML 63 AMG'),
(1343, 71, 'R 280'),
(1344, 71, 'R 300'),
(1345, 71, 'R 320'),
(1346, 71, 'R 350'),
(1347, 71, 'R 500'),
(1348, 71, 'R 63 AMG'),
(1349, 71, 'S 250'),
(1350, 71, 'S 260'),
(1351, 71, 'S 280'),
(1352, 71, 'S 300'),
(1353, 71, 'S 320'),
(1354, 71, 'S 350'),
(1355, 71, 'S 400'),
(1356, 71, 'S 420'),
(1357, 71, 'S 430'),
(1358, 71, 'S 450'),
(1359, 71, 'S 500'),
(1360, 71, 'S 55'),
(1361, 71, 'S 550'),
(1362, 71, 'S 560'),
(1363, 71, 'S 600'),
(1364, 71, 'S 63 AMG'),
(1365, 71, 'S 650'),
(1366, 71, 'S 65 AMG'),
(1367, 71, 'SLC 180'),
(1368, 71, 'SLC 200'),
(1369, 71, 'SLC 250'),
(1370, 71, 'SLC 280'),
(1371, 71, 'SLC 300'),
(1372, 71, 'SLC 43 AMG'),
(1373, 71, 'SL 280'),
(1374, 71, 'SL 300'),
(1375, 71, 'SL 320'),
(1376, 71, 'SL 350'),
(1377, 71, 'SL 380'),
(1378, 71, 'SL 400'),
(1379, 71, 'SL 420'),
(1380, 71, 'SL 450'),
(1381, 71, 'SL 500'),
(1382, 71, 'SL 55 AMG'),
(1383, 71, 'SL 560'),
(1384, 71, 'SL 600'),
(1385, 71, 'SL 60 AMG'),
(1386, 71, 'SL 63 AMG'),
(1387, 71, 'SL 65 AMG'),
(1388, 71, 'SL 70 AMG'),
(1389, 71, 'SL 73 AMG'),
(1390, 71, 'SLK 200'),
(1391, 71, 'SLK 230'),
(1392, 71, 'SLK 250'),
(1393, 71, 'SLK 280'),
(1394, 71, 'SLK 300'),
(1395, 71, 'SLK 320'),
(1396, 71, 'SLK 32 AMG'),
(1397, 71, 'SLK 350'),
(1398, 71, 'SLK 55 AMG'),
(1399, 71, 'SLR'),
(1400, 71, 'SLS AMG'),
(1401, 71, 'Sprinter'),
(1402, 71, 'Vaneo'),
(1403, 71, 'Vario'),
(1404, 71, 'V 200'),
(1405, 71, 'V 220'),
(1406, 71, 'V 230'),
(1407, 71, 'V 250'),
(1408, 71, 'V 280'),
(1409, 71, 'V 300'),
(1410, 71, 'Viano'),
(1411, 71, 'Vito'),
(1412, 71, 'X 220'),
(1413, 71, 'X 250'),
(1414, 71, 'X 350'),
(1415, 71, 'Other'),
(1416, 72, 'MGA'),
(1417, 72, 'MGB'),
(1418, 72, 'MGF'),
(1419, 72, 'Midget'),
(1420, 72, 'Montego'),
(1421, 72, 'TD'),
(1422, 72, 'TF'),
(1423, 72, 'ZR'),
(1424, 72, 'ZS'),
(1425, 72, 'ZT'),
(1426, 72, 'Other'),
(1427, 73, 'DUÈ'),
(1428, 73, 'Flex'),
(1429, 73, 'M.Go'),
(1430, 73, 'M-8'),
(1431, 73, 'MC1'),
(1432, 73, 'MC2'),
(1433, 73, 'Virgo'),
(1434, 73, 'Other'),
(1435, 74, 'Cooper Cabrio'),
(1436, 74, 'Cooper D Cabrio'),
(1437, 74, 'Cooper S Cabrio'),
(1438, 74, 'Cooper SD Cabrio'),
(1439, 74, 'John Cooper Works Cabrio'),
(1440, 74, 'One Cabrio'),
(1441, 74, 'Cooper Clubman'),
(1442, 74, 'Cooper D Clubman'),
(1443, 74, 'Cooper S Clubman'),
(1444, 74, 'Cooper SD Clubman'),
(1445, 74, 'John Cooper Works Clubman'),
(1446, 74, 'One Clubman'),
(1447, 74, 'One D Clubman'),
(1448, 74, 'Clubvan'),
(1449, 74, 'Cooper Countryman'),
(1450, 74, 'Cooper D Countryman'),
(1451, 74, 'Cooper S Countryman'),
(1452, 74, 'Cooper SD Countryman'),
(1453, 74, 'John Cooper Works Countryman'),
(1454, 74, 'One Countryman'),
(1455, 74, 'One D Countryman'),
(1456, 74, 'Cooper Coupé'),
(1457, 74, 'Cooper S Coupé'),
(1458, 74, 'Cooper SD Coupé'),
(1459, 74, 'John Cooper Works Coupé'),
(1460, 74, '1000'),
(1461, 74, '1300'),
(1462, 74, 'Cooper'),
(1463, 74, 'Cooper D'),
(1464, 74, 'Cooper S'),
(1465, 74, 'Cooper SD'),
(1466, 74, 'John Cooper Works'),
(1467, 74, 'ONE'),
(1468, 74, 'One D'),
(1469, 74, 'One First'),
(1470, 74, 'Cooper D Paceman'),
(1471, 74, 'Cooper Paceman'),
(1472, 74, 'Cooper SD Paceman'),
(1473, 74, 'Cooper S Paceman'),
(1474, 74, 'John Cooper Works Paceman'),
(1475, 74, 'Cooper Roadster'),
(1476, 74, 'Cooper SD Roadster'),
(1477, 74, 'Cooper S Roadster'),
(1478, 74, 'John Cooper Works Roadster'),
(1479, 74, 'Other'),
(1480, 75, '3000 GT'),
(1481, 75, 'ASX'),
(1482, 75, 'Canter'),
(1483, 75, 'Carisma'),
(1484, 75, 'Colt'),
(1485, 75, 'Cordia'),
(1486, 75, 'Cosmos'),
(1487, 75, 'Diamante'),
(1488, 75, 'Eclipse'),
(1489, 75, 'Eclipse Cross'),
(1490, 75, 'Galant'),
(1491, 75, 'Galloper'),
(1492, 75, 'Grandis'),
(1493, 75, 'i-MiEV'),
(1494, 75, 'L200'),
(1495, 75, 'L300'),
(1496, 75, 'L400'),
(1497, 75, 'Lancer'),
(1498, 75, 'Mirage'),
(1499, 75, 'Montero'),
(1500, 75, 'Outlander'),
(1501, 75, 'Pajero'),
(1502, 75, 'Pajero Pinin'),
(1503, 75, 'Pick-up'),
(1504, 75, 'Plug-in Hybrid Outlander'),
(1505, 75, 'Santamo'),
(1506, 75, 'Sapporo'),
(1507, 75, 'Sigma'),
(1508, 75, 'Space Gear'),
(1509, 75, 'Space Runner'),
(1510, 75, 'Space Star'),
(1511, 75, 'Space Wagon'),
(1512, 75, 'Starion'),
(1513, 75, 'Tredia'),
(1514, 75, 'Other'),
(1515, 76, '3 Wheeler'),
(1516, 76, '4/4'),
(1517, 76, 'Aero 8'),
(1518, 76, 'Plus 4'),
(1519, 76, 'Plus 8'),
(1520, 76, 'Roadster'),
(1521, 76, 'Other'),
(1522, 77, '100 NX'),
(1523, 77, '200 SX'),
(1524, 77, '240 SX'),
(1525, 77, '280 ZX'),
(1526, 77, '300 ZX'),
(1527, 77, '350Z'),
(1528, 77, '370Z'),
(1529, 77, 'Almera'),
(1530, 77, 'Almera Tino'),
(1531, 77, 'Altima'),
(1532, 77, 'Armada'),
(1533, 77, 'Bluebird'),
(1534, 77, 'Cabstar'),
(1535, 77, 'Cargo'),
(1536, 77, 'Cherry'),
(1537, 77, 'Cube'),
(1538, 77, 'e-NV200'),
(1539, 77, 'Evalia'),
(1540, 77, 'Frontier'),
(1541, 77, 'GT-R'),
(1542, 77, 'Interstar'),
(1543, 77, 'Juke'),
(1544, 77, 'King Cab'),
(1545, 77, 'Kubistar'),
(1546, 77, 'Laurel'),
(1547, 77, 'Leaf'),
(1548, 77, 'Maxima'),
(1549, 77, 'Micra'),
(1550, 77, 'Murano'),
(1551, 77, 'Navara'),
(1552, 77, 'Note'),
(1553, 77, 'NP 300'),
(1554, 77, 'NV200'),
(1555, 77, 'NV250'),
(1556, 77, 'NV300'),
(1557, 77, 'NV400'),
(1558, 77, 'Pathfinder'),
(1559, 77, 'Patrol'),
(1560, 77, 'PickUp'),
(1561, 77, 'Pixo'),
(1562, 77, 'Prairie'),
(1563, 77, 'Primastar'),
(1564, 77, 'Primera'),
(1565, 77, 'Pulsar'),
(1566, 77, 'Qashqai'),
(1567, 77, 'Qashqai+2'),
(1568, 77, 'Quest'),
(1569, 77, 'Sentra'),
(1570, 77, 'Serena'),
(1571, 77, 'Silvia'),
(1572, 77, 'Skyline'),
(1573, 77, 'Sunny'),
(1574, 77, 'Terrano'),
(1575, 77, 'Tiida'),
(1576, 77, 'Titan'),
(1577, 77, 'Trade'),
(1578, 77, 'Urvan'),
(1579, 77, 'Vanette'),
(1580, 77, 'X-Trail'),
(1581, 77, 'Other'),
(1582, 78, 'Other'),
(1583, 79, 'Bravada'),
(1584, 79, 'Custom Cruiser'),
(1585, 79, 'Cutlass'),
(1586, 79, 'Delta 88'),
(1587, 79, 'Silhouette'),
(1588, 79, 'Supreme'),
(1589, 79, 'Toronado'),
(1590, 79, 'Other'),
(1591, 80, 'Adam'),
(1592, 80, 'Agila'),
(1593, 80, 'Ampera'),
(1594, 80, 'Ampera-e'),
(1595, 80, 'Antara'),
(1596, 80, 'Arena'),
(1597, 80, 'Ascona'),
(1598, 80, 'Astra'),
(1599, 80, 'Calibra'),
(1600, 80, 'Campo'),
(1601, 80, 'Cascada'),
(1602, 80, 'Cavalier'),
(1603, 80, 'Combo'),
(1604, 80, 'Commodore'),
(1605, 80, 'Corsa'),
(1606, 80, 'Crossland X'),
(1607, 80, 'Diplomat'),
(1608, 80, 'Frontera'),
(1609, 80, 'Grandland X'),
(1610, 80, 'GT'),
(1611, 80, 'Insignia'),
(1612, 80, 'Insignia CT'),
(1613, 80, 'Kadett'),
(1614, 80, 'Karl'),
(1615, 80, 'Manta'),
(1616, 80, 'Meriva'),
(1617, 80, 'Mokka'),
(1618, 80, 'Mokka X'),
(1619, 80, 'Monterey'),
(1620, 80, 'Monza'),
(1621, 80, 'Movano'),
(1622, 80, 'Nova'),
(1623, 80, 'Omega'),
(1624, 80, 'Pick Up Sportscap'),
(1625, 80, 'Rekord'),
(1626, 80, 'Senator'),
(1627, 80, 'Signum'),
(1628, 80, 'Sintra'),
(1629, 80, 'Speedster'),
(1630, 80, 'Tigra'),
(1631, 80, 'Vectra'),
(1632, 80, 'Vivaro'),
(1633, 80, 'Zafira'),
(1634, 80, 'Zafira Life'),
(1635, 80, 'Zafira Tourer'),
(1636, 80, 'Other'),
(1637, 81, 'Huayra'),
(1638, 81, 'Zonda'),
(1639, 81, 'Other'),
(1640, 82, '1007'),
(1641, 82, '104'),
(1642, 82, '106'),
(1643, 82, '107'),
(1644, 82, '108'),
(1645, 82, '2008'),
(1646, 82, '204'),
(1647, 82, '205'),
(1648, 82, '206'),
(1649, 82, '207'),
(1650, 82, '208'),
(1651, 82, '3008'),
(1652, 82, '301'),
(1653, 82, '304'),
(1654, 82, '305'),
(1655, 82, '306'),
(1656, 82, '307'),
(1657, 82, '308'),
(1658, 82, '309'),
(1659, 82, '4007'),
(1660, 82, '4008'),
(1661, 82, '404'),
(1662, 82, '405'),
(1663, 82, '406'),
(1664, 82, '407'),
(1665, 82, '5008'),
(1666, 82, '504'),
(1667, 82, '505'),
(1668, 82, '508'),
(1669, 82, '604'),
(1670, 82, '605'),
(1671, 82, '607'),
(1672, 82, '806'),
(1673, 82, '807'),
(1674, 82, 'Bipper'),
(1675, 82, 'Bipper Tepee'),
(1676, 82, 'Boxer'),
(1677, 82, 'Expert'),
(1678, 82, 'Expert Tepee'),
(1679, 82, 'iOn'),
(1680, 82, 'J5'),
(1681, 82, 'Partner'),
(1682, 82, 'Partner Tepee'),
(1683, 82, 'RCZ'),
(1684, 82, 'Rifter'),
(1685, 82, 'TePee'),
(1686, 82, 'Traveller'),
(1687, 82, 'Other'),
(1688, 83, 'APE'),
(1689, 83, 'APE TM'),
(1690, 83, 'Porter'),
(1691, 83, 'Other'),
(1692, 84, 'Prowler'),
(1693, 84, 'Other'),
(1694, 85, '1'),
(1695, 85, 'Other'),
(1696, 86, '6000'),
(1697, 86, 'Bonneville'),
(1698, 86, 'Fiero'),
(1699, 86, 'Firebird'),
(1700, 86, 'G6'),
(1701, 86, 'Grand-Am'),
(1702, 86, 'Grand-Prix'),
(1703, 86, 'GTO'),
(1704, 86, 'Montana'),
(1705, 86, 'Solstice'),
(1706, 86, 'Sunbird'),
(1707, 86, 'Sunfire'),
(1708, 86, 'Targa'),
(1709, 86, 'Trans Am'),
(1710, 86, 'Trans Sport'),
(1711, 86, 'Vibe'),
(1712, 86, 'Other'),
(1713, 87, '356'),
(1714, 87, '912'),
(1715, 87, '914'),
(1716, 87, '918'),
(1717, 87, '924'),
(1718, 87, '928'),
(1719, 87, '944'),
(1720, 87, '959'),
(1721, 87, '962'),
(1722, 87, '968'),
(1723, 87, 'Boxster'),
(1724, 87, 'Carrera GT'),
(1725, 87, 'Cayenne'),
(1726, 87, 'Cayman'),
(1727, 87, 'Macan'),
(1728, 87, 'Panamera'),
(1729, 87, '911'),
(1730, 87, '930'),
(1731, 87, '964'),
(1732, 87, '991'),
(1733, 87, '992'),
(1734, 87, '993'),
(1735, 87, '996'),
(1736, 87, '997'),
(1737, 87, 'Taycan'),
(1738, 87, 'Other'),
(1739, 88, '300 Serie'),
(1740, 88, '400 Serie'),
(1741, 88, 'Other'),
(1742, 89, 'Alaskan'),
(1743, 89, 'Alpine A110'),
(1744, 89, 'Alpine A310'),
(1745, 89, 'Alpine V6'),
(1746, 89, 'Avantime'),
(1747, 89, 'Captur'),
(1748, 89, 'Clio'),
(1749, 89, 'Coupe'),
(1750, 89, 'Espace'),
(1751, 89, 'Express'),
(1752, 89, 'Fluence'),
(1753, 89, 'Fuego'),
(1754, 89, 'Grand Espace'),
(1755, 89, 'Grand Modus'),
(1756, 89, 'Grand Scenic'),
(1757, 89, 'Kadjar'),
(1758, 89, 'Kangoo'),
(1759, 89, 'Koleos'),
(1760, 89, 'Laguna'),
(1761, 89, 'Latitude'),
(1762, 89, 'Mascott'),
(1763, 89, 'Master'),
(1764, 89, 'Megane'),
(1765, 89, 'Modus'),
(1766, 89, 'P 1400'),
(1767, 89, 'R 11'),
(1768, 89, 'R 14'),
(1769, 89, 'R 18'),
(1770, 89, 'R 19'),
(1771, 89, 'R 20'),
(1772, 89, 'R 21'),
(1773, 89, 'R 25'),
(1774, 89, 'R 30'),
(1775, 89, 'R 4'),
(1776, 89, 'R 5'),
(1777, 89, 'R 6'),
(1778, 89, 'R 9'),
(1779, 89, 'Rapid'),
(1780, 89, 'Safrane'),
(1781, 89, 'Scenic'),
(1782, 89, 'Spider'),
(1783, 89, 'Talisman'),
(1784, 89, 'Trafic'),
(1785, 89, 'Twingo'),
(1786, 89, 'Twizy'),
(1787, 89, 'Vel Satis'),
(1788, 89, 'Wind'),
(1789, 89, 'ZOE'),
(1790, 89, 'Other'),
(1791, 90, 'Corniche'),
(1792, 90, 'Cullinan'),
(1793, 90, 'Dawn'),
(1794, 90, 'Flying Spur'),
(1795, 90, 'Ghost'),
(1796, 90, 'Park Ward'),
(1797, 90, 'Phantom'),
(1798, 90, 'Silver Cloud'),
(1799, 90, 'Silver Dawn'),
(1800, 90, 'Silver Seraph'),
(1801, 90, 'Silver Shadow'),
(1802, 90, 'Silver Spirit'),
(1803, 90, 'Silver Spur'),
(1804, 90, 'Wraith'),
(1805, 90, 'Other'),
(1806, 91, '100'),
(1807, 91, '111'),
(1808, 91, '114'),
(1809, 91, '115'),
(1810, 91, '200'),
(1811, 91, '213'),
(1812, 91, '214'),
(1813, 91, '216'),
(1814, 91, '218'),
(1815, 91, '220'),
(1816, 91, '25'),
(1817, 91, '400'),
(1818, 91, '414'),
(1819, 91, '416'),
(1820, 91, '418'),
(1821, 91, '420'),
(1822, 91, '45'),
(1823, 91, '600'),
(1824, 91, '618'),
(1825, 91, '620'),
(1826, 91, '623'),
(1827, 91, '75'),
(1828, 91, '800'),
(1829, 91, '820'),
(1830, 91, '825'),
(1831, 91, '827'),
(1832, 91, 'City Rover'),
(1833, 91, 'Metro'),
(1834, 91, 'Montego'),
(1835, 91, 'SD'),
(1836, 91, 'Streetwise'),
(1837, 91, 'Other'),
(1838, 92, 'Other'),
(1839, 93, '90'),
(1840, 93, '900'),
(1841, 93, '9000'),
(1842, 93, '9-3'),
(1843, 93, '9-4X'),
(1844, 93, '9-5'),
(1845, 93, '96'),
(1846, 93, '9-7X'),
(1847, 93, '99'),
(1848, 93, 'Other'),
(1849, 94, 'Other'),
(1850, 95, 'Alhambra'),
(1851, 95, 'Altea'),
(1852, 95, 'Arona'),
(1853, 95, 'Arosa'),
(1854, 95, 'Ateca'),
(1855, 95, 'Cordoba'),
(1856, 95, 'Exeo'),
(1857, 95, 'Ibiza'),
(1858, 95, 'Inca'),
(1859, 95, 'Leon'),
(1860, 95, 'Malaga'),
(1861, 95, 'Marbella'),
(1862, 95, 'Mii'),
(1863, 95, 'Tarraco'),
(1864, 95, 'Terra'),
(1865, 95, 'Toledo'),
(1866, 95, 'Other'),
(1867, 96, '105'),
(1868, 96, '120'),
(1869, 96, '130'),
(1870, 96, '135'),
(1871, 96, 'Citigo'),
(1872, 96, 'Fabia'),
(1873, 96, 'Favorit'),
(1874, 96, 'Felicia'),
(1875, 96, 'Forman'),
(1876, 96, 'Kamiq'),
(1877, 96, 'Karoq'),
(1878, 96, 'Kodiaq'),
(1879, 96, 'Octavia'),
(1880, 96, 'Pick-up'),
(1881, 96, 'Praktik'),
(1882, 96, 'Rapid'),
(1883, 96, 'Roomster'),
(1884, 96, 'Scala'),
(1885, 96, 'Superb'),
(1886, 96, 'Yeti'),
(1887, 96, 'Other'),
(1888, 97, 'Crossblade'),
(1889, 97, 'ForFour'),
(1890, 97, 'ForTwo'),
(1891, 97, 'Roadster'),
(1892, 97, 'Other'),
(1893, 98, 'Other'),
(1894, 99, 'C8'),
(1895, 99, 'C8 AILERON'),
(1896, 99, 'C8 DOUBLE 12 S'),
(1897, 99, 'C8 LAVIOLETTE SWB'),
(1898, 99, 'C8 SPYDER SWB'),
(1899, 99, 'Other'),
(1900, 100, 'Actyon'),
(1901, 100, 'Family'),
(1902, 100, 'Korando'),
(1903, 100, 'Kyron'),
(1904, 100, 'MUSSO'),
(1905, 100, 'REXTON'),
(1906, 100, 'Rodius'),
(1907, 100, 'Tivoli'),
(1908, 100, 'XLV'),
(1909, 100, 'Other'),
(1910, 101, 'B9 Tribeca'),
(1911, 101, 'Baja'),
(1912, 101, 'BRZ'),
(1913, 101, 'Forester'),
(1914, 101, 'Impreza'),
(1915, 101, 'Justy'),
(1916, 101, 'Legacy'),
(1917, 101, 'Levorg'),
(1918, 101, 'Libero'),
(1919, 101, 'Outback'),
(1920, 101, 'SVX'),
(1921, 101, 'Trezia'),
(1922, 101, 'Tribeca'),
(1923, 101, 'Vivio'),
(1924, 101, 'WRX STI'),
(1925, 101, 'XT'),
(1926, 101, 'XV'),
(1927, 101, 'Other'),
(1928, 102, 'Alto'),
(1929, 102, 'Baleno'),
(1930, 102, 'Cappuccino'),
(1931, 102, 'Carry'),
(1932, 102, 'Celerio'),
(1933, 102, 'Grand Vitara'),
(1934, 102, 'Ignis'),
(1935, 102, 'iK-2'),
(1936, 102, 'Jimny'),
(1937, 102, 'Kizashi'),
(1938, 102, 'Liana'),
(1939, 102, 'LJ'),
(1940, 102, 'SJ Samurai'),
(1941, 102, 'Splash'),
(1942, 102, 'Super-Carry'),
(1943, 102, 'Swift'),
(1944, 102, 'SX4'),
(1945, 102, 'SX4 S-Cross'),
(1946, 102, 'Vitara'),
(1947, 102, 'Wagon R+'),
(1948, 102, 'X-90'),
(1949, 102, 'Other'),
(1950, 103, 'Horizon'),
(1951, 103, 'Samba'),
(1952, 103, 'Other'),
(1953, 104, 'Indica'),
(1954, 104, 'Indigo'),
(1955, 104, 'Nano'),
(1956, 104, 'Safari'),
(1957, 104, 'Sumo'),
(1958, 104, 'Telcoline'),
(1959, 104, 'Telcosport'),
(1960, 104, 'Xenon'),
(1961, 104, 'Other'),
(1962, 105, 'Other'),
(1963, 106, 'Model 3'),
(1964, 106, 'Model S'),
(1965, 106, 'Model X'),
(1966, 106, 'Roadster'),
(1967, 106, 'Other'),
(1968, 107, '4-Runner'),
(1969, 107, 'Alphard'),
(1970, 107, 'Auris'),
(1971, 107, 'Auris Touring Sports'),
(1972, 107, 'Avalon'),
(1973, 107, 'Avensis'),
(1974, 107, 'Avensis Verso'),
(1975, 107, 'Aygo'),
(1976, 107, 'Camry'),
(1977, 107, 'Carina'),
(1978, 107, 'Celica'),
(1979, 107, 'C-HR'),
(1980, 107, 'Corolla'),
(1981, 107, 'Corolla Verso'),
(1982, 107, 'Cressida'),
(1983, 107, 'Crown'),
(1984, 107, 'Dyna'),
(1985, 107, 'FCV'),
(1986, 107, 'FJ'),
(1987, 107, 'Fortuner'),
(1988, 107, 'GT86'),
(1989, 107, 'Hiace'),
(1990, 107, 'Highlander'),
(1991, 107, 'Hilux'),
(1992, 107, 'IQ'),
(1993, 107, 'Land Cruiser'),
(1994, 107, 'Lite-Ace'),
(1995, 107, 'Matrix'),
(1996, 107, 'Mirai'),
(1997, 107, 'MR 2'),
(1998, 107, 'Paseo'),
(1999, 107, 'Picnic'),
(2000, 107, 'Previa'),
(2001, 107, 'Prius'),
(2002, 107, 'Prius+'),
(2003, 107, 'Proace (Verso)'),
(2004, 107, 'RAV 4'),
(2005, 107, 'Sequoia'),
(2006, 107, 'Sienna'),
(2007, 107, 'Starlet'),
(2008, 107, 'Supra'),
(2009, 107, 'Tacoma'),
(2010, 107, 'Tercel'),
(2011, 107, 'Tundra'),
(2012, 107, 'Urban Cruiser'),
(2013, 107, 'Verso'),
(2014, 107, 'Verso-S'),
(2015, 107, 'Yaris'),
(2016, 107, 'Other'),
(2017, 108, '601'),
(2018, 108, 'Other'),
(2019, 109, 'Dolomite'),
(2020, 109, 'Moss'),
(2021, 109, 'Spitfire'),
(2022, 109, 'TR3'),
(2023, 109, 'TR4'),
(2024, 109, 'TR5'),
(2025, 109, 'TR6'),
(2026, 109, 'TR7'),
(2027, 109, 'TR8'),
(2028, 109, 'Other'),
(2029, 110, 'Chimaera'),
(2030, 110, 'Griffith'),
(2031, 110, 'Tuscan'),
(2032, 110, 'Other'),
(2033, 111, '181'),
(2034, 111, 'Amarok'),
(2035, 111, 'Arteon'),
(2036, 111, 'Beetle'),
(2037, 111, 'Beetle'),
(2038, 111, 'Bora'),
(2039, 111, 'Buggy'),
(2040, 111, 'Caddy'),
(2041, 111, 'CC'),
(2042, 111, 'Corrado'),
(2043, 111, 'Crafter'),
(2044, 111, 'Eos'),
(2045, 111, 'Fox'),
(2046, 111, 'Golf'),
(2047, 111, 'Golf Plus'),
(2048, 111, 'Golf Sportsvan'),
(2049, 111, 'Iltis'),
(2050, 111, 'Jetta'),
(2051, 111, 'Karmann Ghia'),
(2052, 111, 'LT'),
(2053, 111, 'Lupo'),
(2054, 111, 'New Beetle'),
(2055, 111, 'Passat'),
(2056, 111, 'Passat Alltrack'),
(2057, 111, 'Passat CC'),
(2058, 111, 'Passat Variant'),
(2059, 111, 'Phaeton'),
(2060, 111, 'Polo'),
(2061, 111, 'Routan'),
(2062, 111, 'Santana'),
(2063, 111, 'Scirocco'),
(2064, 111, 'Sharan'),
(2065, 111, 'T1'),
(2066, 111, 'T2'),
(2067, 111, 'T3 Caravelle'),
(2068, 111, 'T3 Kombi'),
(2069, 111, 'T3 Multivan'),
(2070, 111, 'T3 other'),
(2071, 111, 'T4 California'),
(2072, 111, 'T4 Caravelle'),
(2073, 111, 'T4 Kombi'),
(2074, 111, 'T4 Multivan'),
(2075, 111, 'T4 other'),
(2076, 111, 'T5 California'),
(2077, 111, 'T5 Caravelle'),
(2078, 111, 'T5 Kombi'),
(2079, 111, 'T5 Multivan'),
(2080, 111, 'T5 other'),
(2081, 111, 'T5 Shuttle'),
(2082, 111, 'T5 Transporter'),
(2083, 111, 'T6 California'),
(2084, 111, 'T6 Caravelle'),
(2085, 111, 'T6 Kombi'),
(2086, 111, 'T6 Multivan'),
(2087, 111, 'T6 other'),
(2088, 111, 'T6 Transporter'),
(2089, 111, 'Taro'),
(2090, 111, 'T-Cross'),
(2091, 111, 'Tiguan'),
(2092, 111, 'Tiguan Allspace'),
(2093, 111, 'Touareg'),
(2094, 111, 'Touran'),
(2095, 111, 'T-Roc'),
(2096, 111, 'up!'),
(2097, 111, 'Vento'),
(2098, 111, 'XL1'),
(2099, 111, 'Other'),
(2100, 112, '240'),
(2101, 112, '244'),
(2102, 112, '245'),
(2103, 112, '262'),
(2104, 112, '264'),
(2105, 112, '340'),
(2106, 112, '360'),
(2107, 112, '440'),
(2108, 112, '460'),
(2109, 112, '480'),
(2110, 112, '740'),
(2111, 112, '744'),
(2112, 112, '745'),
(2113, 112, '760'),
(2114, 112, '780'),
(2115, 112, '850'),
(2116, 112, '855'),
(2117, 112, '940'),
(2118, 112, '944'),
(2119, 112, '945'),
(2120, 112, '960'),
(2121, 112, '965'),
(2122, 112, 'Amazon'),
(2123, 112, 'C30'),
(2124, 112, 'C70'),
(2125, 112, 'Polar'),
(2126, 112, 'S40'),
(2127, 112, 'S60'),
(2128, 112, 'S60 Cross Country'),
(2129, 112, 'S70'),
(2130, 112, 'S80'),
(2131, 112, 'S90'),
(2132, 112, 'V40'),
(2133, 112, 'V40 Cross Country'),
(2134, 112, 'V50'),
(2135, 112, 'V60'),
(2136, 112, 'V60 Cross Country'),
(2137, 112, 'V70'),
(2138, 112, 'V90'),
(2139, 112, 'V90 Cross Country'),
(2140, 112, 'XC40'),
(2141, 112, 'XC60'),
(2142, 112, 'XC70'),
(2143, 112, 'XC90'),
(2144, 112, 'Other'),
(2145, 113, '311'),
(2146, 113, '353'),
(2147, 113, 'Other'),
(2148, 114, 'Other'),
(2149, 115, 'MF 25'),
(2150, 115, 'MF 28'),
(2151, 115, 'MF 3'),
(2152, 115, 'MF 30'),
(2153, 115, 'MF 35'),
(2154, 115, 'MF 4'),
(2155, 115, 'MF 5'),
(2156, 115, 'Other'),
(2157, 116, 'Other');

-- --------------------------------------------------------

--
-- Table structure for table `car_brands`
--

CREATE TABLE `car_brands` (
  `id` int(11) NOT NULL,
  `brand_en` varchar(30) NOT NULL,
  `brand_ar` varchar(30) NOT NULL
) ENGINE=InnoDB DEFAULT CHARSET=utf8;

--
-- Dumping data for table `car_brands`
--

INSERT INTO `car_brands` (`id`, `brand_en`, `brand_ar`) VALUES
(1, 'Abarth', 'ابارث'),
(3, 'Acura', 'اكيورا'),
(4, 'Aixam', 'ايكسام'),
(5, 'Alfa Romeo', 'الفا روميرو'),
(6, 'ALPINA', 'ألبينا'),
(7, 'Artega', 'ارتيجا'),
(8, 'Asia Motors', 'اسيا موتورز'),
(9, 'Aston Martin', 'استون مارتن'),
(10, 'Audi', 'اودى'),
(12, 'Austin Healey', 'اوستن هيلى'),
(13, 'Bentley', 'بنتلى'),
(14, 'BMW', 'بى ام دبليو'),
(15, 'Borgward', 'بورجوارد'),
(16, 'Brilliance', 'بريليانس'),
(17, 'Bugatti', 'بوجاتى'),
(18, 'Buick', 'بويك'),
(19, 'Cadillac', 'كاديلاك'),
(20, 'Casalini', 'كاسالينى'),
(21, 'Caterham', 'كاتيرهام'),
(22, 'Chatenet', 'شاتينت'),
(23, 'Chevrolet', 'شيفورليه'),
(24, 'Chrysler', 'كرايسلر'),
(25, 'Citroën', 'ستروين'),
(26, 'Cobra', 'كوبرا'),
(27, 'Corvette', 'كورفيت'),
(28, 'Cupra', 'كوابرا'),
(29, 'Dacia', 'داسيا'),
(30, 'Daewoo', 'دايو'),
(31, 'Daihatsu', 'دايهاتسو'),
(32, 'DeTomaso', 'دى توماسو'),
(33, 'Dodge', 'دودج'),
(34, 'Donkervoort', 'دونكيرفورت'),
(35, 'DS Automobiles', 'دس اوتو موبيلز'),
(36, 'Ferrari', 'فيرارى'),
(37, 'Fiat', 'فيات'),
(38, 'Fisker', 'فيسكر'),
(39, 'Ford', 'فورد'),
(40, 'GAC Gonow', 'جاك جونو'),
(41, 'Gemballa', 'جيمبالا'),
(42, 'GMC', 'جى ام سى'),
(43, 'Grecav', 'جريكاف'),
(44, 'Hamann', 'هامان'),
(45, 'Holden', 'هولدن'),
(46, 'Honda', 'هوندا'),
(47, 'Hummer', 'هامر'),
(48, 'Hyundai', 'هيونداى'),
(49, 'Infiniti', 'انفينتى'),
(50, 'Isuzu', 'ايسوزو'),
(51, 'Iveco', 'ايفكو'),
(52, 'Jaguar', 'جاكور'),
(53, 'Jeep', 'جيب'),
(54, 'Kia', 'كيا'),
(55, 'Koenigsegg', 'كوينيجسيج'),
(56, 'KTM', 'كى تى ام'),
(57, 'Lada', 'لادا'),
(58, 'Lamborghini', 'لامبورجينى'),
(59, 'Lancia', 'لانسيا'),
(60, 'Land Rover', 'لاند روفر'),
(61, 'Landwind', 'لاند ويند'),
(62, 'Lexus', 'لكزس'),
(63, 'Ligier', 'ليجر'),
(64, 'Lincoln', 'لينكولن'),
(65, 'Lotus', 'لوتس'),
(66, 'Mahindra', 'ماهيندرا'),
(67, 'Maserati', 'مازارتى'),
(68, 'Maybach', 'ماى باخ'),
(69, 'Mazda', 'مازدا'),
(70, 'McLaren', 'ماكلرين'),
(71, 'Mercedes-Benz', 'مرسيدس'),
(72, 'MG', 'ام جى'),
(73, 'Microcar', 'ميكرو كار'),
(74, 'MINI', 'مينى'),
(75, 'Mitsubishi', 'ميتسوبيشى'),
(76, 'Morgan', 'مورجن'),
(77, 'Nissan', 'نيسان'),
(78, 'NSU', 'ان اس يو'),
(79, 'Oldsmobile', 'اولدس موبيل'),
(80, 'Opel', 'اوبل'),
(81, 'Pagani', 'باجانى'),
(82, 'Peugeot', 'بيجو'),
(83, 'Piaggio', 'بياجيو'),
(84, 'Plymouth', 'بلايموث'),
(85, 'Polestar', 'بول ستار'),
(86, 'Pontiac', 'بونتيك'),
(87, 'Porsche', 'بورش'),
(88, 'Proton', 'بروتون'),
(89, 'Renault', 'رينو'),
(90, 'Rolls-Royce', 'رولس رويس'),
(91, 'Rover', 'روفر'),
(92, 'Ruf', 'روف'),
(93, 'Saab', 'ساب'),
(94, 'Santana', 'سنتانا'),
(95, 'Seat', 'سيات'),
(96, 'Skoda', 'سكودا'),
(97, 'Smart', 'سمارت'),
(98, 'speedART', 'سبيد ارت'),
(99, 'Spyker', 'سبيكر'),
(100, 'Ssangyong', 'سانجيونج'),
(101, 'Subaru', 'سوبارو'),
(102, 'Suzuki', 'سوزوكى'),
(103, 'Talbot', 'تابلوت'),
(104, 'Tata', 'تاتا'),
(105, 'TECHART', 'تيكارت'),
(106, 'Tesla', 'تيسلا'),
(107, 'Toyota', 'تويوتا'),
(108, 'Trabant', 'ترابانت'),
(109, 'Triumph', 'تريمف'),
(110, 'TVR', 'تى فى ار'),
(111, 'Volkswagen', 'فولكس'),
(112, 'Volvo', 'فولفو'),
(113, 'Wartburg', 'وارتبرج'),
(114, 'Westfield', 'ويست فيلد'),
(115, 'Wiesmann', 'وايزمان'),
(116, 'Other', 'اخرى');

-- --------------------------------------------------------

--
-- Table structure for table `category`
--

CREATE TABLE `category` (
  `id` int(11) NOT NULL,
  `category_ar` varchar(100) NOT NULL,
  `category_en` varchar(100) NOT NULL
) ENGINE=InnoDB DEFAULT CHARSET=utf8;

--
-- Dumping data for table `category`
--

INSERT INTO `category` (`id`, `category_ar`, `category_en`) VALUES
(1, 'عقارات', 'Real Estate'),
(2, 'سيارات و قطع غيار', 'Cars and Spare Parts');

-- --------------------------------------------------------

--
-- Table structure for table `cities`
--

CREATE TABLE `cities` (
  `id` int(11) NOT NULL,
  `governorate_id` int(11) NOT NULL,
  `city_name_ar` varchar(200) NOT NULL,
  `city_name_en` varchar(200) NOT NULL
) ENGINE=InnoDB DEFAULT CHARSET=utf8;

--
-- Dumping data for table `cities`
--

INSERT INTO `cities` (`id`, `governorate_id`, `city_name_ar`, `city_name_en`) VALUES
(1, 1, '15 مايو', '15 May'),
(2, 1, 'الازبكية', 'Al Azbakeyah'),
(3, 1, 'البساتين', 'Al Basatin'),
(4, 1, 'التبين', 'Tebin'),
(5, 1, 'الخليفة', 'El-Khalifa'),
(6, 1, 'الدراسة', 'El darrasa'),
(7, 1, 'الدرب الاحمر', 'Aldarb Alahmar'),
(8, 1, 'الزاوية الحمراء', 'Zawya al-Hamra'),
(9, 1, 'الزيتون', 'El-Zaytoun'),
(10, 1, 'الساحل', 'Sahel'),
(11, 1, 'السلام', 'El Salam'),
(12, 1, 'السيدة زينب', 'Sayeda Zeinab'),
(13, 1, 'الشرابية', 'El Sharabeya'),
(14, 1, 'مدينة الشروق', 'Shorouk'),
(15, 1, 'الظاهر', 'El Daher'),
(16, 1, 'العتبة', 'Ataba'),
(17, 1, 'القاهرة الجديدة', 'New Cairo'),
(18, 1, 'المرج', 'El Marg'),
(19, 1, 'عزبة النخل', 'Ezbet el Nakhl'),
(20, 1, 'المطرية', 'Matareya'),
(21, 1, 'المعادى', 'Maadi'),
(22, 1, 'المعصرة', 'Maasara'),
(23, 1, 'المقطم', 'Mokattam'),
(24, 1, 'المنيل', 'Manyal'),
(25, 1, 'الموسكى', 'Mosky'),
(26, 1, 'النزهة', 'Nozha'),
(27, 1, 'الوايلى', 'Waily'),
(28, 1, 'باب الشعرية', 'Bab al-Shereia'),
(29, 1, 'بولاق', 'Bolaq'),
(30, 1, 'جاردن سيتى', 'Garden City'),
(31, 1, 'حدائق القبة', 'Hadayek El-Kobba'),
(32, 1, 'حلوان', 'Helwan'),
(33, 1, 'دار السلام', 'Dar Al Salam'),
(34, 1, 'شبرا', 'Shubra'),
(35, 1, 'طره', 'Tura'),
(36, 1, 'عابدين', 'Abdeen'),
(37, 1, 'عباسية', 'Abaseya'),
(38, 1, 'عين شمس', 'Ain Shams'),
(39, 1, 'مدينة نصر', 'Nasr City'),
(40, 1, 'مصر الجديدة', 'New Heliopolis'),
(41, 1, 'مصر القديمة', 'Masr Al Qadima'),
(42, 1, 'منشية ناصر', 'Mansheya Nasir'),
(43, 1, 'مدينة بدر', 'Badr City'),
(44, 1, 'مدينة العبور', 'Obour City'),
(45, 1, 'وسط البلد', 'Cairo Downtown'),
(46, 1, 'الزمالك', 'Zamalek'),
(47, 1, 'قصر النيل', 'Kasr El Nile'),
(48, 1, 'الرحاب', 'Rehab'),
(49, 1, 'القطامية', 'Katameya'),
(50, 1, 'مدينتي', 'Madinty'),
(51, 1, 'روض الفرج', 'Rod Alfarag'),
(52, 1, 'شيراتون', 'Sheraton'),
(53, 1, 'الجمالية', 'El-Gamaleya'),
(54, 1, 'العاشر من رمضان', '10th of Ramadan City'),
(55, 1, 'الحلمية', 'Helmeyat Alzaytoun'),
(56, 1, 'النزهة الجديدة', 'New Nozha'),
(57, 1, 'العاصمة الإدارية', 'Capital New'),
(58, 2, 'الجيزة', 'Giza'),
(59, 2, 'السادس من أكتوبر', 'Sixth of October'),
(60, 2, 'الشيخ زايد', 'Cheikh Zayed'),
(61, 2, 'الحوامدية', 'Hawamdiyah'),
(62, 2, 'البدرشين', 'Al Badrasheen'),
(63, 2, 'الصف', 'Saf'),
(64, 2, 'أطفيح', 'Atfih'),
(65, 2, 'العياط', 'Al Ayat'),
(66, 2, 'الباويطي', 'Al-Bawaiti'),
(67, 2, 'منشأة القناطر', 'ManshiyetAl Qanater'),
(68, 2, 'أوسيم', 'Oaseem'),
(69, 2, 'كرداسة', 'Kerdasa'),
(70, 2, 'أبو النمرس', 'Abu Nomros'),
(71, 2, 'كفر غطاطي', 'Kafr Ghati'),
(72, 2, 'منشأة البكاري', 'Manshiyet Al Bakari'),
(73, 2, 'الدقى', 'Dokki'),
(74, 2, 'العجوزة', 'Agouza'),
(75, 2, 'الهرم', 'Haram'),
(76, 2, 'الوراق', 'Warraq'),
(77, 2, 'امبابة', 'Imbaba'),
(78, 2, 'بولاق الدكرور', 'Boulaq Dakrour'),
(79, 2, 'الواحات البحرية', 'Al Wahat Al Baharia'),
(80, 2, 'العمرانية', 'Omraneya'),
(81, 2, 'المنيب', 'Moneeb'),
(82, 2, 'بين السرايات', 'Bin Alsarayat'),
(83, 2, 'الكيت كات', 'Kit Kat'),
(84, 2, 'المهندسين', 'Mohandessin'),
(85, 2, 'فيصل', 'Faisal'),
(86, 2, 'أبو رواش', 'Abu Rawash'),
(87, 2, 'حدائق الأهرام', 'Hadayek Alahram'),
(88, 2, 'الحرانية', 'Haraneya'),
(89, 2, 'حدائق اكتوبر', 'Hadayek October'),
(90, 2, 'صفط اللبن', 'Saft Allaban'),
(91, 2, 'القرية الذكية', 'Smart Village'),
(92, 2, 'ارض اللواء', 'Ard Ellwaa'),
(93, 3, 'ابو قير', 'Abu Qir'),
(94, 3, 'الابراهيمية', 'Al Ibrahimeyah'),
(95, 3, 'الأزاريطة', 'Azarita'),
(96, 3, 'الانفوشى', 'Anfoushi'),
(97, 3, 'الدخيلة', 'Dekheila'),
(98, 3, 'السيوف', 'El Soyof'),
(99, 3, 'العامرية', 'Ameria'),
(100, 3, 'اللبان', 'El Labban'),
(101, 3, 'المفروزة', 'Al Mafrouza'),
(102, 3, 'المنتزه', 'El Montaza'),
(103, 3, 'المنشية', 'Mansheya'),
(104, 3, 'الناصرية', 'Naseria'),
(105, 3, 'امبروزو', 'Ambrozo'),
(106, 3, 'باب شرق', 'Bab Sharq'),
(107, 3, 'برج العرب', 'Bourj Alarab'),
(108, 3, 'ستانلى', 'Stanley'),
(109, 3, 'سموحة', 'Smouha'),
(110, 3, 'سيدى بشر', 'Sidi Bishr'),
(111, 3, 'شدس', 'Shads'),
(112, 3, 'غيط العنب', 'Gheet Alenab'),
(113, 3, 'فلمينج', 'Fleming'),
(114, 3, 'فيكتوريا', 'Victoria'),
(115, 3, 'كامب شيزار', 'Camp Shizar'),
(116, 3, 'كرموز', 'Karmooz'),
(117, 3, 'محطة الرمل', 'Mahta Alraml'),
(118, 3, 'مينا البصل', 'Mina El-Basal'),
(119, 3, 'العصافرة', 'Asafra'),
(120, 3, 'العجمي', 'Agamy'),
(121, 3, 'بكوس', 'Bakos'),
(122, 3, 'بولكلي', 'Boulkly'),
(123, 3, 'كليوباترا', 'Cleopatra'),
(124, 3, 'جليم', 'Glim'),
(125, 3, 'المعمورة', 'Al Mamurah'),
(126, 3, 'المندرة', 'Al Mandara'),
(127, 3, 'محرم بك', 'Moharam Bek'),
(128, 3, 'الشاطبي', 'Elshatby'),
(129, 3, 'سيدي جابر', 'Sidi Gaber'),
(130, 3, 'الساحل الشمالي', 'North Coast/sahel'),
(131, 3, 'الحضرة', 'Alhadra'),
(132, 3, 'العطارين', 'Alattarin'),
(133, 3, 'سيدي كرير', 'Sidi Kerir'),
(134, 3, 'الجمرك', 'Elgomrok'),
(135, 3, 'المكس', 'Al Max'),
(136, 3, 'مارينا', 'Marina'),
(137, 4, 'المنصورة', 'Mansoura'),
(138, 4, 'طلخا', 'Talkha'),
(139, 4, 'ميت غمر', 'Mitt Ghamr'),
(140, 4, 'دكرنس', 'Dekernes'),
(141, 4, 'أجا', 'Aga'),
(142, 4, 'منية النصر', 'Menia El Nasr'),
(143, 4, 'السنبلاوين', 'Sinbillawin'),
(144, 4, 'الكردي', 'El Kurdi'),
(145, 4, 'بني عبيد', 'Bani Ubaid'),
(146, 4, 'المنزلة', 'Al Manzala'),
(147, 4, 'تمي الأمديد', 'tami al\'amdid'),
(148, 4, 'الجمالية', 'aljamalia'),
(149, 4, 'شربين', 'Sherbin'),
(150, 4, 'المطرية', 'Mataria'),
(151, 4, 'بلقاس', 'Belqas'),
(152, 4, 'ميت سلسيل', 'Meet Salsil'),
(153, 4, 'جمصة', 'Gamasa'),
(154, 4, 'محلة دمنة', 'Mahalat Damana'),
(155, 4, 'نبروه', 'Nabroh'),
(156, 5, 'الغردقة', 'Hurghada'),
(157, 5, 'رأس غارب', 'Ras Ghareb'),
(158, 5, 'سفاجا', 'Safaga'),
(159, 5, 'القصير', 'El Qusiar'),
(160, 5, 'مرسى علم', 'Marsa Alam'),
(161, 5, 'الشلاتين', 'Shalatin'),
(162, 5, 'حلايب', 'Halaib'),
(163, 5, 'الدهار', 'Aldahar'),
(164, 6, 'دمنهور', 'Damanhour'),
(165, 6, 'كفر الدوار', 'Kafr El Dawar'),
(166, 6, 'رشيد', 'Rashid'),
(167, 6, 'إدكو', 'Edco'),
(168, 6, 'أبو المطامير', 'Abu al-Matamir'),
(169, 6, 'أبو حمص', 'Abu Homs'),
(170, 6, 'الدلنجات', 'Delengat'),
(171, 6, 'المحمودية', 'Mahmoudiyah'),
(172, 6, 'الرحمانية', 'Rahmaniyah'),
(173, 6, 'إيتاي البارود', 'Itai Baroud'),
(174, 6, 'حوش عيسى', 'Housh Eissa'),
(175, 6, 'شبراخيت', 'Shubrakhit'),
(176, 6, 'كوم حمادة', 'Kom Hamada'),
(177, 6, 'بدر', 'Badr'),
(178, 6, 'وادي النطرون', 'Wadi Natrun'),
(179, 6, 'النوبارية الجديدة', 'New Nubaria'),
(180, 6, 'النوبارية', 'Alnoubareya'),
(181, 7, 'الفيوم', 'Fayoum'),
(182, 7, 'الفيوم الجديدة', 'Fayoum El Gedida'),
(183, 7, 'طامية', 'Tamiya'),
(184, 7, 'سنورس', 'Snores'),
(185, 7, 'إطسا', 'Etsa'),
(186, 7, 'إبشواي', 'Epschway'),
(187, 7, 'يوسف الصديق', 'Yusuf El Sediaq'),
(188, 7, 'الحادقة', 'Hadqa'),
(189, 7, 'اطسا', 'Atsa'),
(190, 7, 'الجامعة', 'Algamaa'),
(191, 7, 'السيالة', 'Sayala'),
(192, 8, 'طنطا', 'Tanta'),
(193, 8, 'المحلة الكبرى', 'Al Mahalla Al Kobra'),
(194, 8, 'كفر الزيات', 'Kafr El Zayat'),
(195, 8, 'زفتى', 'Zefta'),
(196, 8, 'السنطة', 'El Santa'),
(197, 8, 'قطور', 'Qutour'),
(198, 8, 'بسيون', 'Basion'),
(199, 8, 'سمنود', 'Samannoud'),
(200, 9, 'الإسماعيلية', 'Ismailia'),
(201, 9, 'فايد', 'Fayed'),
(202, 9, 'القنطرة شرق', 'Qantara Sharq'),
(203, 9, 'القنطرة غرب', 'Qantara Gharb'),
(204, 9, 'التل الكبير', 'El Tal El Kabier'),
(205, 9, 'أبو صوير', 'Abu Sawir'),
(206, 9, 'القصاصين الجديدة', 'Kasasien El Gedida'),
(207, 9, 'نفيشة', 'Nefesha'),
(208, 9, 'الشيخ زايد', 'Sheikh Zayed'),
(209, 10, 'شبين الكوم', 'Shbeen El Koom'),
(210, 10, 'مدينة السادات', 'Sadat City'),
(211, 10, 'منوف', 'Menouf'),
(212, 10, 'سرس الليان', 'Sars El-Layan'),
(213, 10, 'أشمون', 'Ashmon'),
(214, 10, 'الباجور', 'Al Bagor'),
(215, 10, 'قويسنا', 'Quesna'),
(216, 10, 'بركة السبع', 'Berkat El Saba'),
(217, 10, 'تلا', 'Tala'),
(218, 10, 'الشهداء', 'Al Shohada'),
(219, 11, 'المنيا', 'Minya'),
(220, 11, 'المنيا الجديدة', 'Minya El Gedida'),
(221, 11, 'العدوة', 'El Adwa'),
(222, 11, 'مغاغة', 'Magagha'),
(223, 11, 'بني مزار', 'Bani Mazar'),
(224, 11, 'مطاي', 'Mattay'),
(225, 11, 'سمالوط', 'Samalut'),
(226, 11, 'المدينة الفكرية', 'Madinat El Fekria'),
(227, 11, 'ملوي', 'Meloy'),
(228, 11, 'دير مواس', 'Deir Mawas'),
(229, 11, 'ابو قرقاص', 'Abu Qurqas'),
(230, 11, 'ارض سلطان', 'Ard Sultan'),
(231, 12, 'بنها', 'Banha'),
(232, 12, 'قليوب', 'Qalyub'),
(233, 12, 'شبرا الخيمة', 'Shubra Al Khaimah'),
(234, 12, 'القناطر الخيرية', 'Al Qanater Charity'),
(235, 12, 'الخانكة', 'Khanka'),
(236, 12, 'كفر شكر', 'Kafr Shukr'),
(237, 12, 'طوخ', 'Tukh'),
(238, 12, 'قها', 'Qaha'),
(239, 12, 'العبور', 'Obour'),
(240, 12, 'الخصوص', 'Khosous'),
(241, 12, 'شبين القناطر', 'Shibin Al Qanater'),
(242, 12, 'مسطرد', 'Mostorod'),
(243, 13, 'الخارجة', 'El Kharga'),
(244, 13, 'باريس', 'Paris'),
(245, 13, 'موط', 'Mout'),
(246, 13, 'الفرافرة', 'Farafra'),
(247, 13, 'بلاط', 'Balat'),
(248, 13, 'الداخلة', 'Dakhla'),
(249, 14, 'السويس', 'Suez'),
(250, 14, 'الجناين', 'Alganayen'),
(251, 14, 'عتاقة', 'Ataqah'),
(252, 14, 'العين السخنة', 'Ain Sokhna'),
(253, 14, 'فيصل', 'Faysal'),
(254, 15, 'أسوان', 'Aswan'),
(255, 15, 'أسوان الجديدة', 'Aswan El Gedida'),
(256, 15, 'دراو', 'Drau'),
(257, 15, 'كوم أمبو', 'Kom Ombo'),
(258, 15, 'نصر النوبة', 'Nasr Al Nuba'),
(259, 15, 'كلابشة', 'Kalabsha'),
(260, 15, 'إدفو', 'Edfu'),
(261, 15, 'الرديسية', 'Al-Radisiyah'),
(262, 15, 'البصيلية', 'Al Basilia'),
(263, 15, 'السباعية', 'Al Sibaeia'),
(264, 15, 'ابوسمبل السياحية', 'Abo Simbl Al Siyahia'),
(265, 15, 'مرسى علم', 'Marsa Alam'),
(266, 16, 'أسيوط', 'Assiut'),
(267, 16, 'أسيوط الجديدة', 'Assiut El Gedida'),
(268, 16, 'ديروط', 'Dayrout'),
(269, 16, 'منفلوط', 'Manfalut'),
(270, 16, 'القوصية', 'Qusiya'),
(271, 16, 'أبنوب', 'Abnoub'),
(272, 16, 'أبو تيج', 'Abu Tig'),
(273, 16, 'الغنايم', 'El Ghanaim'),
(274, 16, 'ساحل سليم', 'Sahel Selim'),
(275, 16, 'البداري', 'El Badari'),
(276, 16, 'صدفا', 'Sidfa'),
(277, 17, 'بني سويف', 'Bani Sweif'),
(278, 17, 'بني سويف الجديدة', 'Beni Suef El Gedida'),
(279, 17, 'الواسطى', 'Al Wasta'),
(280, 17, 'ناصر', 'Naser'),
(281, 17, 'إهناسيا', 'Ehnasia'),
(282, 17, 'ببا', 'beba'),
(283, 17, 'الفشن', 'Fashn'),
(284, 17, 'سمسطا', 'Somasta'),
(285, 17, 'الاباصيرى', 'Alabbaseri'),
(286, 17, 'مقبل', 'Mokbel'),
(287, 18, 'بورسعيد', 'PorSaid'),
(288, 18, 'بورفؤاد', 'Port Fouad'),
(289, 18, 'العرب', 'Alarab'),
(290, 18, 'حى الزهور', 'Zohour'),
(291, 18, 'حى الشرق', 'Alsharq'),
(292, 18, 'حى الضواحى', 'Aldawahi'),
(293, 18, 'حى المناخ', 'Almanakh'),
(294, 18, 'حى مبارك', 'Mubarak'),
(295, 19, 'دمياط', 'Damietta'),
(296, 19, 'دمياط الجديدة', 'New Damietta'),
(297, 19, 'رأس البر', 'Ras El Bar'),
(298, 19, 'فارسكور', 'Faraskour'),
(299, 19, 'الزرقا', 'Zarqa'),
(300, 19, 'السرو', 'alsaru'),
(301, 19, 'الروضة', 'alruwda'),
(302, 19, 'كفر البطيخ', 'Kafr El-Batikh'),
(303, 19, 'عزبة البرج', 'Azbet Al Burg'),
(304, 19, 'ميت أبو غالب', 'Meet Abou Ghalib'),
(305, 19, 'كفر سعد', 'Kafr Saad'),
(306, 20, 'الزقازيق', 'Zagazig'),
(307, 20, 'العاشر من رمضان', 'Al Ashr Men Ramadan'),
(308, 20, 'منيا القمح', 'Minya Al Qamh'),
(309, 20, 'بلبيس', 'Belbeis'),
(310, 20, 'مشتول السوق', 'Mashtoul El Souq'),
(311, 20, 'القنايات', 'Qenaiat'),
(312, 20, 'أبو حماد', 'Abu Hammad'),
(313, 20, 'القرين', 'El Qurain'),
(314, 20, 'ههيا', 'Hehia'),
(315, 20, 'أبو كبير', 'Abu Kabir'),
(316, 20, 'فاقوس', 'Faccus'),
(317, 20, 'الصالحية الجديدة', 'El Salihia El Gedida'),
(318, 20, 'الإبراهيمية', 'Al Ibrahimiyah'),
(319, 20, 'ديرب نجم', 'Deirb Negm'),
(320, 20, 'كفر صقر', 'Kafr Saqr'),
(321, 20, 'أولاد صقر', 'Awlad Saqr'),
(322, 20, 'الحسينية', 'Husseiniya'),
(323, 20, 'صان الحجر القبلية', 'san alhajar alqablia'),
(324, 20, 'منشأة أبو عمر', 'Manshayat Abu Omar'),
(325, 21, 'الطور', 'Al Toor'),
(326, 21, 'شرم الشيخ', 'Sharm El-Shaikh'),
(327, 21, 'دهب', 'Dahab'),
(328, 21, 'نويبع', 'Nuweiba'),
(329, 21, 'طابا', 'Taba'),
(330, 21, 'سانت كاترين', 'Saint Catherine'),
(331, 21, 'أبو رديس', 'Abu Redis'),
(332, 21, 'أبو زنيمة', 'Abu Zenaima'),
(333, 21, 'رأس سدر', 'Ras Sidr'),
(334, 22, 'كفر الشيخ', 'Kafr El Sheikh'),
(335, 22, 'وسط البلد كفر الشيخ', 'Kafr El Sheikh Downtown'),
(336, 22, 'دسوق', 'Desouq'),
(337, 22, 'فوه', 'Fooh'),
(338, 22, 'مطوبس', 'Metobas'),
(339, 22, 'برج البرلس', 'Burg Al Burullus'),
(340, 22, 'بلطيم', 'Baltim'),
(341, 22, 'مصيف بلطيم', 'Masief Baltim'),
(342, 22, 'الحامول', 'Hamol'),
(343, 22, 'بيلا', 'Bella'),
(344, 22, 'الرياض', 'Riyadh'),
(345, 22, 'سيدي سالم', 'Sidi Salm'),
(346, 22, 'قلين', 'Qellen'),
(347, 22, 'سيدي غازي', 'Sidi Ghazi'),
(348, 23, 'مرسى مطروح', 'Marsa Matrouh'),
(349, 23, 'الحمام', 'El Hamam'),
(350, 23, 'العلمين', 'Alamein'),
(351, 23, 'الضبعة', 'Dabaa'),
(352, 23, 'النجيلة', 'Al-Nagila'),
(353, 23, 'سيدي براني', 'Sidi Brani'),
(354, 23, 'السلوم', 'Salloum'),
(355, 23, 'سيوة', 'Siwa'),
(356, 23, 'مارينا', 'Marina'),
(357, 23, 'الساحل الشمالى', 'North Coast'),
(358, 24, 'الأقصر', 'Luxor'),
(359, 24, 'الأقصر الجديدة', 'New Luxor'),
(360, 24, 'إسنا', 'Esna'),
(361, 24, 'طيبة الجديدة', 'New Tiba'),
(362, 24, 'الزينية', 'Al ziynia'),
(363, 24, 'البياضية', 'Al Bayadieh'),
(364, 24, 'القرنة', 'Al Qarna'),
(365, 24, 'أرمنت', 'Armant'),
(366, 24, 'الطود', 'Al Tud'),
(367, 25, 'قنا', 'Qena'),
(368, 25, 'قنا الجديدة', 'New Qena'),
(369, 25, 'ابو طشت', 'Abu Tesht'),
(370, 25, 'نجع حمادي', 'Nag Hammadi'),
(371, 25, 'دشنا', 'Deshna'),
(372, 25, 'الوقف', 'Alwaqf'),
(373, 25, 'قفط', 'Qaft'),
(374, 25, 'نقادة', 'Naqada'),
(375, 25, 'فرشوط', 'Farshout'),
(376, 25, 'قوص', 'Quos'),
(377, 26, 'العريش', 'Arish'),
(378, 26, 'الشيخ زويد', 'Sheikh Zowaid'),
(379, 26, 'نخل', 'Nakhl'),
(380, 26, 'رفح', 'Rafah'),
(381, 26, 'بئر العبد', 'Bir al-Abed'),
(382, 26, 'الحسنة', 'Al Hasana'),
(383, 27, 'سوهاج', 'Sohag'),
(384, 27, 'سوهاج الجديدة', 'Sohag El Gedida'),
(385, 27, 'أخميم', 'Akhmeem'),
(386, 27, 'أخميم الجديدة', 'Akhmim El Gedida'),
(387, 27, 'البلينا', 'Albalina'),
(388, 27, 'المراغة', 'El Maragha'),
(389, 27, 'المنشأة', 'almunsha\'a'),
(390, 27, 'دار السلام', 'Dar AISalaam'),
(391, 27, 'جرجا', 'Gerga'),
(392, 27, 'جهينة الغربية', 'Jahina Al Gharbia'),
(393, 27, 'ساقلته', 'Saqilatuh'),
(394, 27, 'طما', 'Tama'),
(395, 27, 'طهطا', 'Tahta'),
(396, 27, 'الكوثر', 'Alkawthar');

-- --------------------------------------------------------

--
-- Table structure for table `comments`
--

CREATE TABLE `comments` (
  `id` int(11) NOT NULL,
  `ad_id` int(11) NOT NULL,
  `owner_id` int(11) NOT NULL,
  `user_id` int(11) NOT NULL,
  `comment` varchar(300) NOT NULL,
  `seen_status` varchar(10) NOT NULL DEFAULT 'not seen',
  `updated_at` timestamp NOT NULL DEFAULT CURRENT_TIMESTAMP ON UPDATE CURRENT_TIMESTAMP,
  `created_at` timestamp NOT NULL DEFAULT '0000-00-00 00:00:00'
) ENGINE=InnoDB DEFAULT CHARSET=utf8;

--
-- Dumping data for table `comments`
--

INSERT INTO `comments` (`id`, `ad_id`, `owner_id`, `user_id`, `comment`, `seen_status`, `updated_at`, `created_at`) VALUES
(39, 110, 1, 1, 'منتسينمبتيسنمب', 'seen', '2021-10-28 21:26:13', '2021-10-28 17:19:41'),
(40, 114, 1, 2, 'oqpasmkk', 'seen', '2021-10-28 22:09:54', '2021-10-28 21:31:17');

-- --------------------------------------------------------

--
-- Table structure for table `governorates`
--

CREATE TABLE `governorates` (
  `id` int(11) NOT NULL,
  `governorate_name_ar` varchar(50) NOT NULL,
  `governorate_name_en` varchar(50) NOT NULL
) ENGINE=InnoDB DEFAULT CHARSET=utf8;

--
-- Dumping data for table `governorates`
--

INSERT INTO `governorates` (`id`, `governorate_name_ar`, `governorate_name_en`) VALUES
(1, 'القاهرة', 'Cairo'),
(2, 'الجيزة', 'Giza'),
(3, 'الأسكندرية', 'Alexandria'),
(4, 'الدقهلية', 'Dakahlia'),
(5, 'البحر الأحمر', 'Red Sea'),
(6, 'البحيرة', 'Beheira'),
(7, 'الفيوم', 'Fayoum'),
(8, 'الغربية', 'Gharbiya'),
(9, 'الإسماعلية', 'Ismailia'),
(10, 'المنوفية', 'Menofia'),
(11, 'المنيا', 'Minya'),
(12, 'القليوبية', 'Qaliubiya'),
(13, 'الوادي الجديد', 'New Valley'),
(14, 'السويس', 'Suez'),
(15, 'اسوان', 'Aswan'),
(16, 'اسيوط', 'Assiut'),
(17, 'بني سويف', 'Beni Suef'),
(18, 'بورسعيد', 'Port Said'),
(19, 'دمياط', 'Damietta'),
(20, 'الشرقية', 'Sharkia'),
(21, 'جنوب سيناء', 'South Sinai'),
(22, 'كفر الشيخ', 'Kafr Al sheikh'),
(23, 'مطروح', 'Matrouh'),
(24, 'الأقصر', 'Luxor'),
(25, 'قنا', 'Qena'),
(26, 'شمال سيناء', 'North Sinai'),
(27, 'سوهاج', 'Sohag');

-- --------------------------------------------------------

--
-- Table structure for table `password_resets`
--

CREATE TABLE `password_resets` (
  `email` varchar(100) NOT NULL,
  `token` varchar(150) NOT NULL,
  `created_at` timestamp NOT NULL DEFAULT CURRENT_TIMESTAMP ON UPDATE CURRENT_TIMESTAMP
) ENGINE=InnoDB DEFAULT CHARSET=utf8;

--
-- Dumping data for table `password_resets`
--

INSERT INTO `password_resets` (`email`, `token`, `created_at`) VALUES
('aymansafwat88@yahoo.com', '$2y$10$w2uobDYg5YyZ41tGh670fOmufQ36bWfx6nYuHM.MiBYBPKw490t1a', '2021-10-25 21:27:47');

-- --------------------------------------------------------

--
-- Table structure for table `sub_category`
--

CREATE TABLE `sub_category` (
  `id` int(11) NOT NULL,
  `category_id` int(11) NOT NULL,
  `sub_category_ar` varchar(100) NOT NULL,
  `sub_category_en` varchar(100) NOT NULL
) ENGINE=InnoDB DEFAULT CHARSET=utf8;

--
-- Dumping data for table `sub_category`
--

INSERT INTO `sub_category` (`id`, `category_id`, `sub_category_ar`, `sub_category_en`) VALUES
(1, 2, 'سيارات للبيع', 'Cars for sell'),
(2, 2, 'سيارات للايجار', 'Cars for rent'),
(3, 2, 'قطع غيار', 'Spare Parts'),
(4, 1, 'عقار للبيع', 'Real Estate for sell'),
(5, 1, 'عقار للايجار', 'Real Estate for Rent');

-- --------------------------------------------------------

--
-- Table structure for table `users`
--

CREATE TABLE `users` (
  `id` int(11) NOT NULL,
  `user_name` varchar(50) NOT NULL,
  `email` varchar(100) NOT NULL,
  `password` varchar(150) NOT NULL,
  `mobile` varchar(11) NOT NULL,
  `age` tinyint(4) NOT NULL,
  `email_verified_at` timestamp NULL DEFAULT NULL,
  `remember_token` varchar(100) DEFAULT NULL,
  `updated_at` timestamp NOT NULL DEFAULT CURRENT_TIMESTAMP ON UPDATE CURRENT_TIMESTAMP,
  `created_at` timestamp NOT NULL DEFAULT CURRENT_TIMESTAMP
) ENGINE=InnoDB DEFAULT CHARSET=utf8;

--
-- Dumping data for table `users`
--

INSERT INTO `users` (`id`, `user_name`, `email`, `password`, `mobile`, `age`, `email_verified_at`, `remember_token`, `updated_at`, `created_at`) VALUES
(1, 'ayman', 'aymansafwat88@yahoo.com', '$2y$10$MgfFxoQL5O8dr6A1jZuFGu/Y7myOq4okLTgI6oTncMU/5ULOkKkLm', '01062153292', 27, '2021-10-25 22:21:05', '8Xmt0dBh1HKEybQddy0YJdl4u3m2nOjlwNnMp2TmKcAEDSxlRVT0TLfrU5OW', '2021-10-28 22:09:11', '2021-09-15 06:00:00'),
(2, 'ayman2', 'aymansafwat2468@gmail.com', '$2y$10$cKwuP7X8h0sqzLogpfbuzuhQiMXVxKQubG5SJOFh6nd.pNA0Cn0wK', '01062153292', 28, NULL, NULL, '0000-00-00 00:00:00', '0000-00-00 00:00:00');

--
-- Indexes for dumped tables
--

--
-- Indexes for table `admins`
--
ALTER TABLE `admins`
  ADD PRIMARY KEY (`id`),
  ADD KEY `admins_ibfk_1` (`user_id`);

--
-- Indexes for table `ads`
--
ALTER TABLE `ads`
  ADD PRIMARY KEY (`id`),
  ADD KEY `user_id` (`user_id`);

--
-- Indexes for table `brand_models`
--
ALTER TABLE `brand_models`
  ADD PRIMARY KEY (`id`),
  ADD KEY `brand_models_ibfk_1` (`brand_id`);

--
-- Indexes for table `car_brands`
--
ALTER TABLE `car_brands`
  ADD PRIMARY KEY (`id`);

--
-- Indexes for table `category`
--
ALTER TABLE `category`
  ADD PRIMARY KEY (`id`);

--
-- Indexes for table `cities`
--
ALTER TABLE `cities`
  ADD PRIMARY KEY (`id`),
  ADD KEY `governorate_id` (`governorate_id`);

--
-- Indexes for table `comments`
--
ALTER TABLE `comments`
  ADD PRIMARY KEY (`id`),
  ADD KEY `user_id` (`user_id`),
  ADD KEY `ad_id` (`ad_id`);

--
-- Indexes for table `governorates`
--
ALTER TABLE `governorates`
  ADD PRIMARY KEY (`id`);

--
-- Indexes for table `password_resets`
--
ALTER TABLE `password_resets`
  ADD KEY `email` (`email`);

--
-- Indexes for table `sub_category`
--
ALTER TABLE `sub_category`
  ADD PRIMARY KEY (`id`),
  ADD KEY `category_id` (`category_id`);

--
-- Indexes for table `users`
--
ALTER TABLE `users`
  ADD PRIMARY KEY (`id`),
  ADD UNIQUE KEY `email` (`email`);

--
-- AUTO_INCREMENT for dumped tables
--

--
-- AUTO_INCREMENT for table `admins`
--
ALTER TABLE `admins`
  MODIFY `id` int(11) NOT NULL AUTO_INCREMENT, AUTO_INCREMENT=6;

--
-- AUTO_INCREMENT for table `ads`
--
ALTER TABLE `ads`
  MODIFY `id` int(11) NOT NULL AUTO_INCREMENT, AUTO_INCREMENT=134;

--
-- AUTO_INCREMENT for table `brand_models`
--
ALTER TABLE `brand_models`
  MODIFY `id` int(11) NOT NULL AUTO_INCREMENT, AUTO_INCREMENT=2158;

--
-- AUTO_INCREMENT for table `car_brands`
--
ALTER TABLE `car_brands`
  MODIFY `id` int(11) NOT NULL AUTO_INCREMENT, AUTO_INCREMENT=117;

--
-- AUTO_INCREMENT for table `category`
--
ALTER TABLE `category`
  MODIFY `id` int(11) NOT NULL AUTO_INCREMENT, AUTO_INCREMENT=3;

--
-- AUTO_INCREMENT for table `cities`
--
ALTER TABLE `cities`
  MODIFY `id` int(11) NOT NULL AUTO_INCREMENT, AUTO_INCREMENT=397;

--
-- AUTO_INCREMENT for table `comments`
--
ALTER TABLE `comments`
  MODIFY `id` int(11) NOT NULL AUTO_INCREMENT, AUTO_INCREMENT=41;

--
-- AUTO_INCREMENT for table `governorates`
--
ALTER TABLE `governorates`
  MODIFY `id` int(11) NOT NULL AUTO_INCREMENT, AUTO_INCREMENT=28;

--
-- AUTO_INCREMENT for table `sub_category`
--
ALTER TABLE `sub_category`
  MODIFY `id` int(11) NOT NULL AUTO_INCREMENT, AUTO_INCREMENT=6;

--
-- AUTO_INCREMENT for table `users`
--
ALTER TABLE `users`
  MODIFY `id` int(11) NOT NULL AUTO_INCREMENT, AUTO_INCREMENT=3;

--
-- Constraints for dumped tables
--

--
-- Constraints for table `admins`
--
ALTER TABLE `admins`
  ADD CONSTRAINT `admins_ibfk_1` FOREIGN KEY (`user_id`) REFERENCES `users` (`id`) ON DELETE CASCADE ON UPDATE CASCADE;

--
-- Constraints for table `ads`
--
ALTER TABLE `ads`
  ADD CONSTRAINT `ads_ibfk_1` FOREIGN KEY (`user_id`) REFERENCES `users` (`id`) ON DELETE CASCADE ON UPDATE CASCADE;

--
-- Constraints for table `brand_models`
--
ALTER TABLE `brand_models`
  ADD CONSTRAINT `brand_models_ibfk_1` FOREIGN KEY (`brand_id`) REFERENCES `car_brands` (`id`) ON DELETE CASCADE ON UPDATE CASCADE;

--
-- Constraints for table `cities`
--
ALTER TABLE `cities`
  ADD CONSTRAINT `cities_ibfk_1` FOREIGN KEY (`governorate_id`) REFERENCES `governorates` (`id`) ON DELETE CASCADE ON UPDATE CASCADE;

--
-- Constraints for table `comments`
--
ALTER TABLE `comments`
  ADD CONSTRAINT `comments_ibfk_1` FOREIGN KEY (`user_id`) REFERENCES `users` (`id`) ON DELETE CASCADE ON UPDATE CASCADE,
  ADD CONSTRAINT `comments_ibfk_2` FOREIGN KEY (`ad_id`) REFERENCES `ads` (`id`) ON DELETE CASCADE ON UPDATE CASCADE;

--
-- Constraints for table `password_resets`
--
ALTER TABLE `password_resets`
  ADD CONSTRAINT `password_resets_ibfk_1` FOREIGN KEY (`email`) REFERENCES `users` (`email`) ON DELETE CASCADE ON UPDATE CASCADE;

--
-- Constraints for table `sub_category`
--
ALTER TABLE `sub_category`
  ADD CONSTRAINT `sub_category_ibfk_1` FOREIGN KEY (`category_id`) REFERENCES `category` (`id`) ON DELETE CASCADE ON UPDATE CASCADE;
COMMIT;

/*!40101 SET CHARACTER_SET_CLIENT=@OLD_CHARACTER_SET_CLIENT */;
/*!40101 SET CHARACTER_SET_RESULTS=@OLD_CHARACTER_SET_RESULTS */;
/*!40101 SET COLLATION_CONNECTION=@OLD_COLLATION_CONNECTION */;
